state_code,state,lat_centroid,lon_centroid,population_2010,population_2019,gdp per capita (2017),user_count,spatial_diversity_romance_0.99,social_diversity_romance_0.99,spatial_diversity_identity_0.99,social_diversity_identity_0.99,spatial_diversity_trust_0.99,social_diversity_trust_0.99,spatial_diversity_status_0.99,social_diversity_status_0.99,spatial_diversity_fun_0.99,social_diversity_fun_0.99,spatial_diversity_similarity_0.99,social_diversity_similarity_0.99,spatial_diversity_power_0.99,social_diversity_power_0.99,spatial_diversity_conflict_0.99,social_diversity_conflict_0.99,spatial_diversity_knowledge_0.99,social_diversity_knowledge_0.99,spatial_diversity_support_0.99,social_diversity_support_0.99,spatial_diversity_romance_0.95,social_diversity_romance_0.95,spatial_diversity_identity_0.95,social_diversity_identity_0.95,spatial_diversity_trust_0.95,social_diversity_trust_0.95,spatial_diversity_status_0.95,social_diversity_status_0.95,spatial_diversity_fun_0.95,social_diversity_fun_0.95,spatial_diversity_similarity_0.95,social_diversity_similarity_0.95,spatial_diversity_power_0.95,social_diversity_power_0.95,spatial_diversity_conflict_0.95,social_diversity_conflict_0.95,spatial_diversity_knowledge_0.95,social_diversity_knowledge_0.95,spatial_diversity_support_0.95,social_diversity_support_0.95,spatial_diversity_romance_0.9,social_diversity_romance_0.9,spatial_diversity_identity_0.9,social_diversity_identity_0.9,spatial_diversity_trust_0.9,social_diversity_trust_0.9,spatial_diversity_status_0.9,social_diversity_status_0.9,spatial_diversity_fun_0.9,social_diversity_fun_0.9,spatial_diversity_similarity_0.9,social_diversity_similarity_0.9,spatial_diversity_power_0.9,social_diversity_power_0.9,spatial_diversity_conflict_0.9,social_diversity_conflict_0.9,spatial_diversity_knowledge_0.9,social_diversity_knowledge_0.9,spatial_diversity_support_0.9,social_diversity_support_0.9,spatial_diversity_romance_0.85,social_diversity_romance_0.85,spatial_diversity_identity_0.85,social_diversity_identity_0.85,spatial_diversity_trust_0.85,social_diversity_trust_0.85,spatial_diversity_status_0.85,social_diversity_status_0.85,spatial_diversity_fun_0.85,social_diversity_fun_0.85,spatial_diversity_similarity_0.85,social_diversity_similarity_0.85,spatial_diversity_power_0.85,social_diversity_power_0.85,spatial_diversity_conflict_0.85,social_diversity_conflict_0.85,spatial_diversity_knowledge_0.85,social_diversity_knowledge_0.85,spatial_diversity_support_0.85,social_diversity_support_0.85,spatial_diversity_romance_0.8,social_diversity_romance_0.8,spatial_diversity_identity_0.8,social_diversity_identity_0.8,spatial_diversity_trust_0.8,social_diversity_trust_0.8,spatial_diversity_status_0.8,social_diversity_status_0.8,spatial_diversity_fun_0.8,social_diversity_fun_0.8,spatial_diversity_similarity_0.8,social_diversity_similarity_0.8,spatial_diversity_power_0.8,social_diversity_power_0.8,spatial_diversity_conflict_0.8,social_diversity_conflict_0.8,spatial_diversity_knowledge_0.8,social_diversity_knowledge_0.8,spatial_diversity_support_0.8,social_diversity_support_0.8,spatial_diversity_romance_0.75,social_diversity_romance_0.75,spatial_diversity_identity_0.75,social_diversity_identity_0.75,spatial_diversity_trust_0.75,social_diversity_trust_0.75,spatial_diversity_status_0.75,social_diversity_status_0.75,spatial_diversity_fun_0.75,social_diversity_fun_0.75,spatial_diversity_similarity_0.75,social_diversity_similarity_0.75,spatial_diversity_power_0.75,social_diversity_power_0.75,spatial_diversity_conflict_0.75,social_diversity_conflict_0.75,spatial_diversity_knowledge_0.75,social_diversity_knowledge_0.75,spatial_diversity_support_0.75,social_diversity_support_0.75,spatial_diversity_romance_0.5,social_diversity_romance_0.5,spatial_diversity_identity_0.5,social_diversity_identity_0.5,spatial_diversity_trust_0.5,social_diversity_trust_0.5,spatial_diversity_status_0.5,social_diversity_status_0.5,spatial_diversity_fun_0.5,social_diversity_fun_0.5,spatial_diversity_similarity_0.5,social_diversity_similarity_0.5,spatial_diversity_power_0.5,social_diversity_power_0.5,spatial_diversity_conflict_0.5,social_diversity_conflict_0.5,spatial_diversity_knowledge_0.5,social_diversity_knowledge_0.5,spatial_diversity_support_0.5,social_diversity_support_0.5,diversity_social_all_minstrength_1,diversity_social_all_minstrength_2,diversity_social_all_minstrength_3,diversity_social_all_minstrength_4,diversity_social_all_minstrength_5,diversity_spatial_all_minstrength_1,diversity_spatial_all_minstrength_2,diversity_spatial_all_minstrength_3,diversity_spatial_all_minstrength_4,diversity_spatial_all_minstrength_5
MI,Michigan,43.326618,-84.536095,9883640,9986857,42631,19226,0.0109417,0.010702363,0.00936498,0.009288286,0.010571838,0.010350902,0.009445954,0.011451255,0.0109648,0.010425233,0.01007368,0.009868112,0.008585841,0.009010387,0.0094713,0.009730321,0.00904053,0.008865989,0.009632397,0.0109517,0.05942913,0.073965295,0.045426122,0.053246111,0.056778667,0.068436022,0.056700355,0.077404106,0.056872049,0.066876913,0.052181829,0.064029505,0.041707236,0.051465232,0.041504913,0.048860138,0.045236463,0.054357852,0.055939795,0.072737899,0.102820408,0.143201651,0.083460927,0.10849523,0.101768345,0.138752265,0.105112873,0.153945533,0.10276788,0.137998706,0.09351057,0.128272622,0.085717433,0.116710142,0.075413624,0.096191713,0.077683814,0.104767681,0.102168754,0.145896225,0.137367671,0.20627295,0.115902305,0.162199423,0.137799589,0.20508032,0.13989443,0.217664606,0.138291606,0.203488619,0.128037474,0.188680477,0.122748722,0.18098373,0.105014479,0.143074178,0.102603546,0.149127678,0.136597067,0.20877613,0.165942892,0.263890777,0.143704415,0.213267645,0.166688754,0.26509961,0.167347287,0.273084562,0.165940142,0.259912782,0.158140775,0.245795956,0.152481631,0.237921891,0.13155007,0.188694973,0.126081256,0.193889816,0.164533502,0.264541557,0.189254593,0.315407343,0.167159541,0.260406129,0.189224875,0.313747035,0.189545277,0.319687401,0.188987718,0.311380943,0.185700053,0.302551589,0.176925422,0.289273544,0.155416664,0.234457793,0.148442919,0.238220551,0.187988062,0.315558769,0.269380382,0.514150496,0.251414901,0.464511772,0.265832571,0.510430077,0.26680393,0.514325737,0.269472144,0.516990724,0.270391066,0.521161825,0.25891339,0.491246879,0.246855699,0.448480116,0.235361212,0.437926084,0.266529296,0.515991836,0.782627902,0.691875487,0.589507542,0.523623791,0.468536504,0.347164954,0.264778665,0.197451272,0.160281244,0.134349573
IN,Indiana,39.849426,-86.258278,6483802,6732219,44797,8796,0.009145342,0.009405709,0.007722994,0.007983404,0.009530411,0.009634768,0.008935958,0.011187106,0.008762735,0.008916461,0.008971708,0.009070244,0.006731265,0.00699101,0.007582561,0.007948914,0.008093242,0.007798683,0.009123586,0.0106477,0.050687588,0.064411159,0.042139518,0.050045092,0.053540403,0.065713691,0.051356558,0.072003048,0.050910823,0.061634951,0.048824878,0.061040417,0.038214148,0.046777629,0.037751352,0.045649926,0.04282389,0.052139579,0.052163799,0.069368793,0.090289621,0.12652633,0.077660519,0.101668325,0.094348742,0.130845814,0.09551158,0.141128641,0.09403269,0.128372866,0.091145181,0.129311224,0.077063151,0.103357286,0.070439485,0.092430612,0.074057692,0.103556218,0.094126406,0.136038195,0.124162168,0.187832079,0.106778056,0.15093725,0.126960591,0.190230312,0.126267036,0.196320594,0.127054416,0.188838669,0.124840983,0.190235809,0.109601748,0.159780022,0.098338906,0.136979319,0.099301659,0.150383249,0.125856104,0.194715031,0.152255211,0.245154882,0.131171543,0.197232098,0.152368702,0.243749371,0.152886926,0.249691335,0.154005438,0.244702133,0.153934742,0.247578228,0.136633201,0.211157314,0.124579861,0.183496877,0.122777894,0.194877448,0.151467551,0.24705519,0.175084385,0.29538956,0.15302004,0.240956343,0.173250653,0.289605451,0.17432415,0.295450384,0.175514978,0.292725752,0.178635241,0.299493979,0.160136817,0.261221043,0.145825677,0.224413966,0.14437283,0.238660491,0.174035454,0.295958598,0.256491901,0.499073498,0.235491798,0.441529032,0.248696327,0.480956472,0.250602097,0.489288678,0.255741074,0.497384045,0.257758038,0.503193547,0.241042622,0.461661659,0.230962995,0.426357248,0.227033284,0.43224534,0.250617608,0.490187715,0.772697976,0.688047086,0.581975418,0.513241426,0.444735577,0.334955006,0.257398798,0.191458107,0.15135443,0.12039711
AL,Alabama,32.806671,-86.79113,4779736,4903185,36856,7487,0.010178928,0.0107587,0.008371745,0.008613989,0.009076628,0.009885748,0.007686888,0.00986398,0.009306929,0.009764416,0.009204861,0.009571024,0.007223417,0.00800788,0.007536542,0.008180215,0.00778975,0.008214532,0.008430389,0.0103454,0.052926925,0.071200627,0.040212453,0.050352658,0.051085513,0.068375518,0.049725749,0.074582358,0.048498428,0.061019698,0.044588986,0.058941347,0.037107612,0.048098263,0.035919462,0.044130106,0.038467567,0.049153663,0.048789308,0.070516311,0.090257173,0.134945063,0.073179222,0.102891847,0.091054319,0.136866971,0.090768785,0.145939799,0.088045721,0.127539604,0.080606855,0.121054897,0.076733813,0.112114486,0.067176921,0.08995434,0.067083724,0.098089471,0.088590998,0.140550669,0.120529586,0.195016795,0.100897333,0.152343249,0.123548654,0.202883749,0.121471095,0.207768258,0.11872305,0.190606437,0.111760112,0.178792408,0.108517568,0.172788843,0.093230977,0.133273373,0.089850501,0.140585781,0.120897561,0.206322923,0.146062011,0.251428853,0.125024783,0.201478328,0.147883703,0.259158625,0.145918835,0.262433354,0.143948079,0.247035899,0.140100669,0.236879632,0.135341696,0.229389913,0.116573013,0.176161187,0.110296605,0.18191495,0.145266493,0.261622867,0.168014853,0.303658645,0.147452785,0.250147597,0.167755167,0.308012197,0.166314995,0.309670572,0.165153055,0.298998051,0.165532892,0.292920961,0.157350851,0.279605367,0.13737531,0.21865946,0.129579574,0.225089567,0.166498257,0.311382177,0.241780172,0.503256201,0.224496595,0.452506036,0.23737427,0.49855171,0.237360831,0.502773901,0.240250651,0.503959422,0.242961426,0.511522828,0.231643111,0.482480306,0.221025787,0.431293757,0.207848173,0.420558015,0.237798094,0.508296783,0.773069562,0.666815588,0.583635903,0.526066222,0.475101178,0.313184484,0.233618621,0.178420411,0.146016859,0.119721011
MA,Massachusetts,42.230171,-71.530106,6547629,6949503,64507,20375,0.012565923,0.012096225,0.013370998,0.013329953,0.012052593,0.011578797,0.010416621,0.012157639,0.012692165,0.01231159,0.013384976,0.013586637,0.011754781,0.013385076,0.011502042,0.011820358,0.013586964,0.013836098,0.011373526,0.012219289,0.066069307,0.081868065,0.056839688,0.067385395,0.061829106,0.073547056,0.060716565,0.081335922,0.062847796,0.073835421,0.060245631,0.074768911,0.053012197,0.067782221,0.04962799,0.059217756,0.057941953,0.071796789,0.060497653,0.077639499,0.112153437,0.154919228,0.096256054,0.126915117,0.108350753,0.146058003,0.112407426,0.162720024,0.11115729,0.149352003,0.1042269,0.14377408,0.099994809,0.139157841,0.086999249,0.113528929,0.093206066,0.129178637,0.108188971,0.152860587,0.148743862,0.221338195,0.128808629,0.182278996,0.143617164,0.210501881,0.148298312,0.227528174,0.147769792,0.217088976,0.13911577,0.20610624,0.137642331,0.205137716,0.118421022,0.164956141,0.119709891,0.178358825,0.14474479,0.218859358,0.177921402,0.280904373,0.156503198,0.23508307,0.172825944,0.270353315,0.177586964,0.286069677,0.176122373,0.276248942,0.169053097,0.26396219,0.166938102,0.263036784,0.146199579,0.214248215,0.144199744,0.226341476,0.173460475,0.277964488,0.202893148,0.335661894,0.180994339,0.285393623,0.195504741,0.320021151,0.199935214,0.334470709,0.200094464,0.330270306,0.196441008,0.321407649,0.190886852,0.314656125,0.170484096,0.261521869,0.167777789,0.274620958,0.19723292,0.328779207,0.282063433,0.540151663,0.26516343,0.491329592,0.273804635,0.522582579,0.276342193,0.532401674,0.280353123,0.537896387,0.280090747,0.538151722,0.271593342,0.518042264,0.260001305,0.475445768,0.25194862,0.477253865,0.274733121,0.528576985,0.80492894,0.71284856,0.608988203,0.54561048,0.489975333,0.356119153,0.271862033,0.204504489,0.168475778,0.141436451
MO,Missouri,38.456085,-92.288368,5988927,6137428,42943,15367,0.010792448,0.010656014,0.009384513,0.00962232,0.011090616,0.011177516,0.009129842,0.011077702,0.011294157,0.011378279,0.010166005,0.010176153,0.008363949,0.009598141,0.009434036,0.009971825,0.009356892,0.009623315,0.009264652,0.010868472,0.056536588,0.071936345,0.044677073,0.05423865,0.056703125,0.07108375,0.052277999,0.073398943,0.054610719,0.067040614,0.051419589,0.065355257,0.042564857,0.054373386,0.042607791,0.051975357,0.045937371,0.057215816,0.054392476,0.073497529,0.096825477,0.138241184,0.081152403,0.109547959,0.099185211,0.140239541,0.098273588,0.147625502,0.097062099,0.135633238,0.09193534,0.13169459,0.083268974,0.116811225,0.075515999,0.100404659,0.078235373,0.109305502,0.097118129,0.143386316,0.129620885,0.199356341,0.110958317,0.161198384,0.131720874,0.20163215,0.13010531,0.209349542,0.129831591,0.197943178,0.125295597,0.191512936,0.117075918,0.17854277,0.104546177,0.149013999,0.102170039,0.154112325,0.129839018,0.204976582,0.155834768,0.254078927,0.136883118,0.211463305,0.157830637,0.257273218,0.155854343,0.262815209,0.15560413,0.254696799,0.154016165,0.24904797,0.144410637,0.23368328,0.130170544,0.195327981,0.125279183,0.199977659,0.156153784,0.260806144,0.178148055,0.304339554,0.159508212,0.258079407,0.178876736,0.306202123,0.177907048,0.310643811,0.178926379,0.307169665,0.178921436,0.303483926,0.167529195,0.2835642,0.152729415,0.239524502,0.146855618,0.244242616,0.178221655,0.312219141,0.257707215,0.510937553,0.239251972,0.460386285,0.252935416,0.503203506,0.252752903,0.50677192,0.257794445,0.514175429,0.258471188,0.51743256,0.245748936,0.48261687,0.237822755,0.447900339,0.230447062,0.445224503,0.252214648,0.506866471,0.787863798,0.69697517,0.599421237,0.533691554,0.473765221,0.335388016,0.254650665,0.190316814,0.154762736,0.125957548
MN,Minnesota,45.694454,-93.900192,5303925,5639632,53380,16202,0.012244088,0.012268163,0.012035142,0.012077813,0.012110864,0.012081834,0.009827508,0.011952388,0.012784702,0.012371762,0.012060961,0.011473564,0.010022706,0.010655741,0.011491984,0.012039517,0.011786233,0.011631114,0.010771193,0.012121481,0.062102469,0.078234973,0.052602779,0.062451474,0.06009376,0.073153635,0.057237597,0.078968642,0.061382116,0.073700398,0.056299625,0.068750698,0.047756344,0.05906629,0.047867084,0.057873653,0.051180192,0.061974485,0.058835733,0.077472669,0.107048341,0.15128137,0.091442685,0.120605901,0.104232349,0.143184837,0.105779235,0.158609315,0.105613657,0.144279171,0.097816727,0.133880754,0.092143825,0.125855845,0.082951387,0.109333494,0.085360323,0.116406718,0.103890137,0.150690224,0.14108216,0.214138241,0.122718775,0.174215843,0.139734831,0.210728626,0.140616252,0.223745535,0.139959819,0.208438285,0.133509494,0.197076462,0.128258191,0.190139486,0.112817336,0.158089429,0.111852344,0.163642771,0.139658891,0.217342096,0.169332679,0.271657475,0.150259404,0.225986126,0.168185719,0.269771965,0.169681902,0.281505694,0.16837124,0.267517228,0.162488758,0.25313874,0.157556117,0.247779716,0.139117913,0.20514589,0.135076629,0.208429766,0.167692143,0.274323836,0.193510999,0.324195328,0.174073004,0.273983777,0.191023114,0.321015547,0.192210376,0.329788342,0.192286523,0.320416939,0.189547648,0.311097867,0.182423626,0.302211253,0.162803918,0.250782341,0.156625708,0.251490211,0.190766019,0.326062666,0.273571967,0.526553336,0.256999309,0.478850499,0.267950498,0.519011629,0.269142311,0.527252054,0.271777513,0.526527763,0.273214357,0.531189303,0.263874546,0.507810699,0.252901468,0.466322799,0.241522612,0.449887792,0.26864799,0.526628363,0.793771437,0.69772471,0.598426858,0.537945876,0.485335514,0.349457849,0.262542986,0.19787272,0.160290732,0.132809422
MD,Maryland,39.063946,-76.802101,5773552,6045680,54894,9327,0.010895919,0.010589417,0.009175698,0.009250595,0.009735596,0.009667015,0.009173997,0.011257978,0.010534991,0.010221993,0.010153315,0.010140625,0.009362128,0.010671021,0.008829167,0.009600907,0.010215951,0.010529875,0.009398167,0.010243721,0.058129363,0.072214001,0.044715892,0.053578842,0.054506929,0.065959484,0.054586025,0.075252113,0.053660872,0.063704258,0.052552464,0.066856193,0.043946967,0.056936296,0.041572662,0.050983792,0.047457469,0.059964883,0.052382883,0.068240254,0.100980188,0.141781058,0.080946492,0.106841706,0.097552679,0.133082181,0.101828386,0.151127787,0.09803912,0.133849833,0.092780347,0.131225234,0.086944555,0.121695006,0.074685225,0.099803926,0.078791075,0.112020707,0.096316025,0.137308562,0.135540791,0.204746222,0.111226884,0.15862652,0.132774207,0.197635777,0.135718232,0.214043614,0.132301613,0.199281936,0.125858021,0.190273493,0.122524811,0.181841534,0.103907863,0.148153285,0.103847796,0.158718738,0.131937582,0.201435419,0.16421474,0.263092068,0.138435626,0.207462379,0.160712257,0.253452689,0.163097093,0.266935562,0.160735943,0.258549724,0.154585105,0.246448417,0.151162961,0.237602726,0.129405778,0.193903498,0.127596361,0.204807019,0.158786262,0.254675094,0.187636538,0.315962265,0.161763367,0.254492109,0.182611703,0.301297053,0.184710523,0.313665942,0.183163858,0.307598058,0.181212646,0.302367222,0.174595263,0.287302076,0.15329262,0.239154109,0.150134363,0.250719612,0.181896486,0.305530186,0.266566546,0.514823942,0.24688494,0.461741649,0.258159351,0.49597024,0.259954588,0.505128057,0.264542871,0.512145141,0.264535449,0.513531999,0.254505862,0.488349776,0.243782292,0.450281136,0.233541911,0.447055428,0.259312752,0.503443115,0.781164637,0.69565928,0.588948282,0.536378964,0.471725691,0.342679861,0.259445248,0.193123884,0.159882373,0.13038225
FL,Florida,27.766279,-81.686783,18801310,21477737,39093,29351,0.011167807,0.011120238,0.007946241,0.007563893,0.009916308,0.009659344,0.01005522,0.012639681,0.010272386,0.010220543,0.00924351,0.008948874,0.007883361,0.007959774,0.008404097,0.008114153,0.008693354,0.00839992,0.009904727,0.011549258,0.059510956,0.076693491,0.040710842,0.046213696,0.054949005,0.067669072,0.057975919,0.082494399,0.054203887,0.066320516,0.046402913,0.056449821,0.038963391,0.046911212,0.038083225,0.043625865,0.041833193,0.050402776,0.05464814,0.073874092,0.103892182,0.151076093,0.076196861,0.097494837,0.09783566,0.136968613,0.105393106,0.160995577,0.099743525,0.140445942,0.085240349,0.117571069,0.081543015,0.110650029,0.070075654,0.088494057,0.071766551,0.096998168,0.099010911,0.147302562,0.137407864,0.214828449,0.106297193,0.147373591,0.13341071,0.203874445,0.138905943,0.226296859,0.134645424,0.207795739,0.118294707,0.175375367,0.117725916,0.17604246,0.098490995,0.132885277,0.095289853,0.139117341,0.133645583,0.21290011,0.165124299,0.273734778,0.133228365,0.198295308,0.161942623,0.265068803,0.165201167,0.281359365,0.163026324,0.268013848,0.14801254,0.232303347,0.14701328,0.234827113,0.124216197,0.178167063,0.117842837,0.181475208,0.161570303,0.271656687,0.188075834,0.326185756,0.157234649,0.246670915,0.183884314,0.31502068,0.186991337,0.33000606,0.18617265,0.320935571,0.175814111,0.290601335,0.17088532,0.28716143,0.147526198,0.222949024,0.139126042,0.224195093,0.183966782,0.321706789,0.26333875,0.521171748,0.240615533,0.450995292,0.258471779,0.51147273,0.260619198,0.522130328,0.26358914,0.525740966,0.261718933,0.516562239,0.251731342,0.491857443,0.237957704,0.438600459,0.222746054,0.418739345,0.259232626,0.518288079,0.778292031,0.686585244,0.582208815,0.515593264,0.456103808,0.336788779,0.255024949,0.190152688,0.153971864,0.127728947
OH,Ohio,40.388783,-82.764915,11536504,11689100,46826,19403,0.011033138,0.011071445,0.009532809,0.009578955,0.01093514,0.010903939,0.0098402,0.01198759,0.011073442,0.011081729,0.010849346,0.010889713,0.009075027,0.009740011,0.009457241,0.009576226,0.009897202,0.009935096,0.010523302,0.012209943,0.057742786,0.073324192,0.045571791,0.05358667,0.057811029,0.072399732,0.055750881,0.077673174,0.057981892,0.070461291,0.054309552,0.067887329,0.044205087,0.056589829,0.042946163,0.051637435,0.048289694,0.059575846,0.057026984,0.07759858,0.101396323,0.144648608,0.082285766,0.108954745,0.102229926,0.144303157,0.102637591,0.153781162,0.103144851,0.143739078,0.096760277,0.136975092,0.08615894,0.121476647,0.077694767,0.102292594,0.080699134,0.111457013,0.101781874,0.150652803,0.136582103,0.210715943,0.113056059,0.161309627,0.136383864,0.209081718,0.136216315,0.217546886,0.137103559,0.209959407,0.131849143,0.202168692,0.121112733,0.184826375,0.107118909,0.150929947,0.106009724,0.158683789,0.135735514,0.214790081,0.16426385,0.268507109,0.139036291,0.21080641,0.163653071,0.26662508,0.163572861,0.274088402,0.164415803,0.269359068,0.160835608,0.260984706,0.148626579,0.240353179,0.132922513,0.196960162,0.129767763,0.205949397,0.162168956,0.270939422,0.187773118,0.321889089,0.162084465,0.258567056,0.185024052,0.31478083,0.185531274,0.323294638,0.187657971,0.321606563,0.18655019,0.317231213,0.172041434,0.291004856,0.155800393,0.241828118,0.152497362,0.253986106,0.184541653,0.321829773,0.266321206,0.526667252,0.244319421,0.463643871,0.258588692,0.511263168,0.259385914,0.516892991,0.265790846,0.528963265,0.265569062,0.529245027,0.251987145,0.492986492,0.241894105,0.450285431,0.235531724,0.455733789,0.259153031,0.518206336,0.791396522,0.701339366,0.603074311,0.536780177,0.47551668,0.339336897,0.258404454,0.194043102,0.156788968,0.130537734
CA,California,36.116203,-119.681564,37254523,39512223,57328,60844,0.014955698,0.014683404,0.014588452,0.014525835,0.013482301,0.013165335,0.011529643,0.013844125,0.013793712,0.013702683,0.013790409,0.013762095,0.012302389,0.01371385,0.012835197,0.013186623,0.01399742,0.014128813,0.011882211,0.013354862,0.072722492,0.091551862,0.059679131,0.071659864,0.067132855,0.081194829,0.066316744,0.091136958,0.067772921,0.082008237,0.060476085,0.07491985,0.054602849,0.070511197,0.052048832,0.062130898,0.057979461,0.071617829,0.064514805,0.085339087,0.120800378,0.171010598,0.100940213,0.134573702,0.11525146,0.158701507,0.120403886,0.178983999,0.117898118,0.163354555,0.103643289,0.143949572,0.104778835,0.147700664,0.089824201,0.117701672,0.092879786,0.128843152,0.113916162,0.165423111,0.157624199,0.240001404,0.13426803,0.192163409,0.152787098,0.229160713,0.156873262,0.248263509,0.154634773,0.234320549,0.139324054,0.207851177,0.143732369,0.218509292,0.121784374,0.169744525,0.119065591,0.177063167,0.151479931,0.235381334,0.186020435,0.299914604,0.163277095,0.24823876,0.182971003,0.293078664,0.185740439,0.307728895,0.182981943,0.295186215,0.170420564,0.26861255,0.174122145,0.279404818,0.149869966,0.220066494,0.143584824,0.225320646,0.18101806,0.29658377,0.209770904,0.354692171,0.187511903,0.299139705,0.205904221,0.345142615,0.208562053,0.358440631,0.206847835,0.349083561,0.199012399,0.329362857,0.198725014,0.333581843,0.175173247,0.269633385,0.16665057,0.2735261,0.204943059,0.35001207,0.286823482,0.557293502,0.27079806,0.509383025,0.282269951,0.549504071,0.284390162,0.559413753,0.284558845,0.55542509,0.284544398,0.555120549,0.278459583,0.540069129,0.265276278,0.488822319,0.252607399,0.480425285,0.282256001,0.555336899,0.818995416,0.727907424,0.624986664,0.557760243,0.50156698,0.358606534,0.269558993,0.20211012,0.16502919,0.137939584
TX,Texas,31.054487,-97.563461,25145561,28995881,54421,57618,0.011443786,0.011841239,0.009653264,0.010204872,0.010278024,0.010883492,0.00888033,0.011354602,0.00988949,0.010274375,0.009656144,0.009921088,0.008520029,0.009735341,0.009685299,0.010931215,0.009135284,0.009506696,0.00930291,0.011184854,0.057796375,0.079381035,0.043580804,0.055143072,0.053408299,0.071179588,0.053186411,0.0797736,0.053021973,0.068021006,0.046978695,0.061113695,0.040077277,0.055084863,0.04067211,0.052912426,0.042424283,0.055089002,0.051984909,0.07546385,0.098508512,0.152480111,0.07776711,0.110594786,0.093661783,0.140573294,0.09793483,0.160139894,0.09478245,0.140815558,0.084043111,0.124500196,0.08080054,0.123324714,0.072547571,0.102437035,0.071304985,0.104334434,0.093550884,0.149595052,0.130452351,0.21825064,0.106131351,0.163642705,0.126628567,0.208552217,0.1298313,0.226376366,0.127078483,0.207823863,0.114882597,0.183966179,0.114650868,0.190442976,0.099994986,0.150119607,0.093680083,0.147683993,0.126108486,0.216637166,0.155844833,0.276316008,0.131480823,0.215914592,0.153132476,0.270419166,0.155220439,0.284423139,0.1529316,0.266562928,0.14196362,0.241102552,0.141610198,0.24920457,0.123823208,0.195909518,0.11479964,0.191310477,0.151580088,0.275006576,0.176785687,0.328061564,0.153410559,0.265116411,0.173574752,0.321265476,0.175495008,0.333407266,0.174065596,0.319397303,0.167605267,0.300306887,0.164028955,0.303200952,0.145232461,0.240821859,0.134870974,0.235285541,0.172962786,0.328465967,0.247488351,0.528209475,0.229359842,0.472520511,0.242707061,0.524593628,0.24334892,0.530458048,0.245394764,0.526696088,0.245504612,0.526401803,0.237155175,0.509613225,0.226376923,0.455819512,0.212128162,0.435358697,0.242896801,0.530839378,0.794239344,0.697881913,0.592993286,0.531013257,0.472801728,0.314843603,0.235993621,0.177538855,0.145457077,0.121551866
VA,Virginia,37.769337,-78.169968,8001024,8535519,51716,11961,0.01023209,0.011076117,0.00868198,0.009077373,0.009588119,0.01059998,0.00912603,0.012559498,0.010248267,0.011051993,0.010281286,0.010858661,0.008035787,0.008966937,0.008900855,0.009164755,0.009121981,0.009379236,0.008875522,0.011664595,0.054481925,0.071669079,0.042638088,0.052284212,0.052115827,0.066806214,0.053408814,0.078442797,0.052685008,0.066774468,0.049115349,0.063841664,0.039258894,0.050892834,0.03985854,0.049112518,0.044925566,0.056772928,0.051618247,0.072943056,0.095851841,0.140360409,0.07867561,0.105752297,0.093177654,0.132233447,0.099006978,0.154293817,0.09589644,0.137682815,0.089320414,0.130440998,0.080766493,0.11486213,0.07251975,0.097802882,0.07644293,0.108585885,0.094244448,0.142643149,0.130098645,0.205630375,0.107630759,0.155688878,0.127047222,0.196766288,0.131651362,0.216531274,0.130623634,0.204381064,0.122207063,0.190161518,0.115541426,0.177249697,0.100563977,0.143793369,0.10087363,0.154237998,0.128949669,0.207360636,0.158452478,0.264463891,0.133969714,0.205527422,0.155161977,0.25621908,0.158588518,0.272094768,0.158241173,0.263118626,0.150440072,0.245987875,0.143488415,0.233264842,0.125440894,0.188319972,0.122992949,0.198524732,0.155955046,0.264679084,0.181500626,0.316630834,0.157208491,0.25426421,0.176569303,0.303641336,0.180742217,0.32092349,0.180714148,0.316509763,0.177362949,0.30410687,0.167400201,0.284155762,0.14856438,0.233869654,0.144866342,0.244368768,0.177947691,0.314357491,0.259906146,0.520699282,0.239810078,0.459587854,0.253105031,0.506339208,0.254024517,0.512525617,0.258316143,0.520894799,0.259530033,0.521896668,0.246321245,0.486852104,0.235928088,0.446181303,0.227813808,0.443347687,0.253709479,0.513046524,0.785455908,0.6950099,0.594090415,0.527098289,0.468753063,0.334666249,0.254082844,0.188695766,0.151398793,0.123247098
WA,Washington,47.400902,-121.490494,6724540,7614893,55780,28004,0.01237445,0.012405753,0.013027863,0.014104095,0.011699311,0.01178104,0.010168037,0.012480207,0.012402504,0.012424315,0.013149226,0.013967151,0.010666844,0.013906005,0.01176508,0.01355439,0.012632945,0.013525382,0.01096579,0.012625405,0.057899497,0.072737209,0.053854877,0.067996901,0.058394545,0.072411201,0.056965467,0.080566537,0.059799321,0.07305653,0.058528375,0.07617491,0.049834084,0.069413978,0.048220715,0.063072865,0.055408817,0.072729283,0.057086522,0.077176058,0.098471543,0.139786291,0.092139097,0.127723485,0.101375122,0.141823917,0.102561246,0.156027583,0.101672715,0.141317018,0.099287904,0.144420813,0.091187365,0.134161341,0.082674232,0.116097186,0.090882833,0.134131804,0.100315851,0.148373233,0.132254,0.201536126,0.121957218,0.180459797,0.134070921,0.204005668,0.134052007,0.214782393,0.133300584,0.201090498,0.132361462,0.206125333,0.124254945,0.194013559,0.111190083,0.164427736,0.116717204,0.184604061,0.13263739,0.209037799,0.159468064,0.257669924,0.146941637,0.229375743,0.159865631,0.258447056,0.160617229,0.269585468,0.159585014,0.255524175,0.160025842,0.261342768,0.150924176,0.247461523,0.135829882,0.210441135,0.139930499,0.232593819,0.158615835,0.26335245,0.182096179,0.307934941,0.169336734,0.277491773,0.181327655,0.307007471,0.182643937,0.318148258,0.181835883,0.306169289,0.184270481,0.314422814,0.173745963,0.297664078,0.158343405,0.255173991,0.161628541,0.279834815,0.180316608,0.311163147,0.262294321,0.516287557,0.248453224,0.480498913,0.255272785,0.504661425,0.257615576,0.514962641,0.259757091,0.511844961,0.261184768,0.521022755,0.252899018,0.502857649,0.241136969,0.458006323,0.242114614,0.482505523,0.255653318,0.511409857,0.802801698,0.705958337,0.598503941,0.546837883,0.487785665,0.338783265,0.253652207,0.188329511,0.156533881,0.129017815
NM,New Mexico,34.840515,-106.248482,2059179,2096829,41577,2622,0.007978754,0.008107635,0.008381465,0.008389767,0.007078963,0.008142439,0.008972979,0.01324062,0.00791204,0.008715703,0.00771145,0.008153946,0.005697216,0.006609868,0.005604267,0.006213837,0.006869889,0.007769905,0.010182637,0.013776681,0.04662519,0.061592394,0.038658618,0.047807653,0.04749591,0.061161662,0.049863675,0.07786962,0.044828352,0.055129582,0.042133403,0.056452688,0.030934673,0.040834331,0.033206614,0.041358093,0.035810338,0.046845433,0.046472105,0.069324213,0.084218285,0.122797017,0.071697739,0.09869807,0.08424403,0.120569862,0.08810147,0.141886678,0.085081092,0.121036998,0.07462345,0.110801177,0.068720162,0.097101795,0.062134081,0.083748788,0.065957361,0.097317991,0.083695744,0.1319607,0.115401667,0.179966731,0.099057106,0.145667715,0.114573641,0.179663209,0.117870531,0.199343803,0.116378565,0.18214231,0.103927809,0.163782745,0.097277503,0.148724459,0.088425607,0.127391902,0.088582264,0.140293143,0.113757847,0.18932599,0.141382455,0.234113764,0.123886671,0.193819298,0.138694205,0.232419533,0.141304707,0.244647751,0.139711315,0.234045247,0.130472463,0.218204034,0.122492058,0.199101923,0.110834742,0.168622158,0.108213994,0.181149332,0.137510359,0.239160804,0.162546624,0.281766288,0.144067566,0.236787969,0.159064234,0.278106943,0.161428979,0.288520095,0.159845059,0.278899278,0.155184735,0.268742454,0.145695849,0.24890343,0.131242728,0.206974944,0.127051026,0.222516547,0.158284435,0.284914907,0.235091498,0.48041314,0.222062798,0.436458701,0.232054707,0.471059713,0.235323003,0.483244687,0.232205664,0.47574302,0.234910186,0.480439893,0.223776996,0.448985593,0.211145954,0.401819285,0.203783343,0.41213935,0.231732411,0.475761479,0.7525196,0.664397316,0.563854491,0.504484013,0.432094954,0.308735335,0.231955457,0.172344256,0.143222664,0.114740014
IL,Illinois,40.349457,-88.986137,12830632,12671821,53432,24214,0.012965316,0.012508559,0.011634753,0.011466929,0.011963132,0.01149372,0.009855389,0.011848907,0.012556963,0.01248446,0.011742646,0.011714767,0.009936261,0.011225889,0.011914819,0.012198961,0.010910184,0.01094664,0.010695952,0.011925739,0.064195505,0.080970479,0.050945714,0.060661614,0.061096731,0.074477897,0.058537052,0.080685825,0.060868078,0.072569165,0.055138514,0.069012831,0.047798252,0.060936129,0.047573344,0.058243999,0.050550789,0.062119618,0.057994146,0.075655812,0.109532381,0.155717761,0.090080647,0.119442262,0.105413941,0.144392243,0.108999727,0.163221412,0.107065766,0.146364644,0.097859862,0.137316306,0.093540369,0.130761451,0.083491447,0.112117453,0.083210316,0.113666221,0.104938536,0.151055948,0.145163282,0.222940922,0.121413437,0.17335186,0.140542752,0.211688999,0.143507961,0.227703958,0.142521182,0.214033033,0.131624537,0.198002037,0.130468167,0.197556016,0.113826856,0.162268728,0.108854687,0.160732396,0.14050776,0.217782839,0.1730395,0.280513658,0.149301633,0.226170792,0.169263558,0.272325429,0.171424102,0.284718092,0.170425863,0.273353059,0.161795379,0.256823717,0.159884708,0.256507864,0.140682485,0.211664098,0.132751761,0.206916286,0.168342323,0.276012829,0.195924173,0.332272655,0.172663765,0.274402614,0.191665437,0.323550035,0.193393135,0.333666348,0.193971382,0.326003718,0.189181778,0.314705402,0.183642187,0.308399389,0.16447112,0.25859464,0.154378596,0.251723442,0.191844818,0.328162907,0.272817405,0.531088678,0.255392204,0.481107192,0.26759362,0.523711262,0.269326921,0.531861236,0.272205141,0.534405184,0.272089144,0.53449058,0.263201631,0.511511824,0.252376607,0.473224104,0.239392138,0.453333702,0.268308323,0.528586958,0.801092605,0.704299034,0.610345408,0.537431529,0.472148216,0.34796371,0.264229837,0.200769986,0.162129521,0.134970127
NY,New York,42.165726,-74.948051,19378102,19453561,64093,32039,0.013978889,0.013426403,0.01346724,0.013270092,0.01229313,0.01169068,0.010509814,0.012387941,0.013212331,0.012885718,0.012647986,0.012410977,0.011052582,0.011753124,0.011990709,0.012223121,0.012619718,0.012421644,0.011009896,0.011987997,0.06909207,0.085281242,0.056890969,0.066637001,0.063436803,0.075510973,0.062591033,0.083433299,0.064142026,0.075523764,0.058606397,0.072004236,0.051539268,0.063416825,0.04998543,0.059878471,0.055324254,0.067612325,0.06137091,0.079123967,0.117205239,0.162256333,0.098354288,0.128183848,0.11050573,0.147355526,0.114821836,0.165265632,0.11323322,0.151568653,0.101809428,0.139094533,0.100136453,0.136662409,0.087773244,0.114461915,0.090787857,0.124052152,0.110373621,0.155460956,0.154206068,0.230494734,0.13164547,0.184612274,0.148258617,0.215739949,0.151429586,0.23236052,0.150654444,0.220590925,0.138032385,0.202149412,0.139480374,0.206493332,0.120232819,0.166370522,0.116807314,0.171407819,0.147543101,0.22322054,0.183176818,0.289731419,0.160637037,0.239009302,0.178315913,0.277649572,0.180889802,0.292081563,0.180375253,0.281530337,0.169156057,0.261296786,0.169999436,0.266035629,0.148465191,0.216120858,0.141715639,0.218958983,0.176697732,0.282202391,0.207475983,0.344138719,0.184787827,0.288852182,0.201919997,0.329549664,0.204535428,0.343348049,0.205099126,0.337011088,0.197654433,0.320718029,0.194845593,0.319105347,0.173608767,0.264856043,0.165169848,0.2659793,0.200866282,0.33489479,0.285830315,0.543273266,0.270736558,0.500060159,0.280374122,0.532807079,0.282017025,0.541476381,0.284271629,0.541071775,0.283724675,0.542079409,0.276605604,0.524719346,0.264710023,0.481775583,0.252054234,0.469521606,0.279777337,0.537085675,0.803302924,0.716759015,0.613611441,0.549896182,0.485588156,0.3591949,0.273591706,0.20553065,0.168198331,0.140359824
IA,Iowa,42.011539,-93.210526,3046355,3155070,50086,5249,0.010438837,0.009784762,0.010427314,0.010113609,0.011113149,0.010313088,0.008619302,0.010157144,0.010447704,0.009367435,0.010225716,0.009627764,0.008938513,0.008679928,0.010715843,0.010806222,0.00967111,0.008997969,0.009203306,0.009987402,0.057597529,0.06991254,0.046077863,0.052959517,0.057096226,0.066250534,0.053055598,0.068109645,0.053519421,0.061630819,0.051415272,0.060907791,0.043328008,0.050813115,0.042280321,0.048989529,0.045432073,0.053695079,0.053034746,0.06636365,0.100397114,0.137067718,0.084546665,0.108142748,0.098364853,0.131655058,0.098318851,0.138356359,0.097731702,0.129358735,0.091481653,0.121877487,0.085199486,0.112183919,0.074969509,0.094971202,0.077608409,0.103516469,0.096715201,0.133199679,0.133380462,0.195854639,0.115511635,0.159369124,0.132558348,0.193385278,0.133746416,0.203148052,0.132473071,0.193184672,0.125878171,0.181392042,0.12056413,0.175186031,0.104013418,0.140498766,0.102740069,0.147436141,0.132317112,0.195583125,0.160412755,0.250107068,0.143258639,0.210698696,0.161384171,0.251530829,0.161359108,0.258228918,0.15950907,0.246266098,0.155546698,0.235926453,0.150185933,0.229955305,0.130842097,0.186052938,0.126558025,0.190362284,0.160788493,0.253021534,0.18340281,0.299428044,0.166774692,0.257320401,0.183850109,0.300025256,0.183930236,0.304970536,0.182211829,0.295748707,0.18318226,0.291559952,0.173771984,0.2796554,0.154092675,0.228903649,0.147546589,0.232250102,0.182762566,0.301219831,0.264589313,0.497847894,0.248058897,0.455591262,0.261806356,0.49788058,0.262311249,0.502125525,0.264935408,0.502184831,0.26731785,0.509490206,0.255633842,0.478615376,0.243909634,0.439228255,0.234308436,0.429866968,0.262574124,0.502454553,0.777081352,0.678937228,0.564419025,0.516131501,0.467053312,0.347241324,0.263273547,0.196420926,0.165725147,0.141217156
ME,Maine,44.693947,-69.381927,1328361,1344212,38450,3258,0.012477118,0.012220529,0.011054657,0.010714575,0.011472564,0.011006665,0.010272528,0.011603719,0.012043583,0.01146355,0.011172875,0.011035248,0.00970346,0.010825837,0.010737529,0.011642209,0.010181307,0.010115055,0.010714415,0.011582951,0.061407035,0.076184661,0.050041027,0.059815941,0.057867297,0.069259362,0.056283657,0.076311485,0.057342673,0.066211485,0.051635564,0.061997749,0.044441825,0.056104979,0.043210883,0.05275009,0.047857481,0.057962869,0.055287315,0.072006083,0.104999501,0.14795981,0.087353742,0.115537161,0.099307264,0.133143527,0.10469573,0.154525653,0.099373861,0.131805996,0.090359659,0.121545891,0.08694701,0.119922556,0.077162384,0.101594253,0.078140549,0.107956489,0.099981382,0.140489104,0.139293012,0.210605372,0.116880368,0.163006862,0.134742989,0.19816996,0.136868493,0.214795001,0.133820117,0.193354422,0.123988059,0.179209087,0.120728611,0.177087165,0.105706634,0.148918979,0.102679091,0.149215226,0.135706608,0.205544541,0.16716759,0.267302376,0.143145428,0.210662582,0.161960577,0.253104868,0.164794864,0.27112734,0.160406819,0.24738371,0.153042254,0.233903445,0.149797884,0.233688872,0.131263534,0.194707371,0.126336582,0.192337251,0.162488289,0.258676753,0.189469991,0.316052307,0.168162852,0.262955608,0.184416969,0.301485041,0.188838674,0.323701259,0.183272933,0.296717774,0.18069242,0.292237116,0.173915584,0.284474906,0.154840641,0.238818961,0.147773703,0.233607948,0.185181204,0.307534369,0.267355958,0.509944136,0.249531528,0.462366345,0.261680887,0.503439259,0.264017522,0.515435694,0.267743984,0.512042548,0.266558401,0.514069005,0.255935171,0.4903714,0.243017596,0.444358816,0.235501733,0.436650662,0.262942107,0.507802396,0.780383736,0.696982951,0.603350313,0.516174058,0.498073367,0.345630582,0.265447182,0.200388204,0.163492979,0.143616989
ID,Idaho,44.240459,-114.478828,1567582,1792065,35467,2467,0.010305674,0.010094406,0.009505652,0.009543504,0.010772577,0.011108148,0.009967094,0.013085443,0.009924167,0.010154923,0.007997509,0.007736277,0.008307575,0.008718738,0.007595796,0.007429916,0.008252597,0.007649231,0.010103196,0.011868254,0.051549745,0.063428916,0.043703474,0.052777971,0.058175098,0.072854945,0.056955949,0.075828259,0.051853752,0.062062915,0.047074182,0.059571117,0.038771888,0.047819426,0.039317761,0.048741925,0.042952392,0.052700226,0.053749106,0.071030324,0.091861813,0.129203418,0.078245942,0.105969545,0.099625395,0.139895521,0.09959353,0.145052306,0.092838336,0.129555699,0.086844319,0.124990137,0.077412633,0.108483497,0.072273965,0.098981246,0.075885519,0.104663793,0.095629413,0.13903523,0.123862313,0.18787403,0.1089302,0.158622891,0.131246512,0.197160786,0.129465873,0.203233305,0.124934537,0.187134984,0.120547117,0.185054583,0.113692526,0.171578228,0.100061849,0.14562396,0.09949004,0.146988946,0.128265635,0.200492612,0.151159745,0.242975408,0.135593868,0.206591578,0.157031888,0.250177046,0.156648178,0.25951691,0.15150989,0.241316545,0.147784317,0.238415184,0.140032283,0.223871777,0.12546915,0.191604867,0.120882359,0.188445277,0.153647726,0.254987214,0.175886419,0.297681007,0.157383346,0.253748623,0.17962462,0.301142336,0.178046562,0.306271657,0.176131134,0.297230741,0.172639899,0.289159773,0.162560719,0.271265087,0.148599084,0.235645656,0.143357889,0.236611189,0.176602771,0.304787811,0.25889766,0.506125849,0.240255417,0.457909579,0.253152482,0.499062748,0.254040725,0.502989224,0.254686252,0.500065472,0.256059039,0.504525172,0.246804786,0.478626818,0.236883862,0.449238651,0.224683793,0.431138719,0.252406203,0.501967992,0.773284179,0.681613149,0.580712714,0.509496782,0.451375754,0.336105714,0.250374099,0.185580923,0.144896606,0.11539384
GA,Georgia,33.040619,-83.643074,9687653,10617423,43913,19595,0.011087012,0.011326011,0.01007278,0.010532963,0.010616496,0.010821809,0.009297834,0.012175742,0.010597805,0.010995063,0.010208453,0.010388356,0.008868674,0.009990898,0.009614754,0.010334519,0.009291615,0.009650341,0.009453349,0.01183291,0.056631663,0.075110635,0.044737002,0.055118571,0.055883452,0.072678166,0.054730016,0.081607345,0.053080871,0.067928026,0.049278465,0.063172051,0.042580087,0.056801182,0.041359464,0.051577697,0.044906439,0.056935956,0.053127964,0.077081754,0.097867292,0.147062968,0.078910574,0.10931252,0.096291935,0.140934137,0.098836627,0.158212763,0.095989619,0.140730693,0.087358779,0.126869641,0.08314097,0.123660745,0.072823876,0.099894801,0.074911735,0.106727334,0.096055864,0.151875492,0.13121729,0.212752998,0.107655282,0.160045378,0.12865764,0.205945471,0.131364991,0.222771775,0.12903202,0.206294463,0.118884648,0.186394961,0.116565363,0.187757375,0.10050217,0.147444727,0.098557409,0.151865746,0.128221389,0.215835276,0.157426515,0.269963603,0.132726337,0.210452363,0.15479409,0.265026306,0.15745058,0.279240809,0.155129764,0.265737725,0.147093732,0.245006802,0.143862372,0.245398106,0.124944737,0.192987919,0.11975246,0.195937171,0.153785397,0.272670486,0.179197053,0.321793386,0.154643489,0.258513785,0.175350605,0.314923806,0.178239935,0.327682145,0.176601507,0.317331155,0.172122997,0.301050228,0.1666038,0.297708193,0.14753611,0.239698275,0.140587187,0.240468629,0.175723515,0.324265089,0.252050847,0.52000476,0.233663805,0.466218844,0.246647182,0.51337246,0.247844293,0.522171481,0.250864921,0.522479068,0.250428183,0.521738252,0.241456477,0.499437104,0.230187501,0.45081859,0.219496384,0.438654095,0.24706933,0.522395138,0.789664775,0.697417478,0.599224851,0.531479696,0.474314771,0.322575101,0.244565745,0.185019502,0.149987262,0.12251806
HI,Hawaii,21.094318,-157.498337,1360301,1415872,50320,3778,0.008610917,0.008958255,0.008656753,0.009585169,0.007393968,0.007722118,0.008770853,0.013296127,0.008907303,0.009553975,0.009286682,0.009798016,0.007379259,0.008673809,0.007940389,0.008239787,0.009583906,0.010377333,0.009087382,0.01162841,0.050971856,0.068801931,0.039689766,0.050363332,0.045663468,0.05825887,0.051047335,0.075833604,0.04927136,0.06231244,0.043882134,0.059215506,0.036526747,0.048694688,0.034500073,0.04384168,0.042336067,0.057786087,0.048947117,0.071747757,0.090195674,0.135311186,0.071689453,0.099430672,0.083966705,0.122264982,0.092508977,0.146707447,0.089175792,0.126928946,0.079032273,0.117067076,0.073623859,0.105089015,0.062449332,0.085525937,0.071121611,0.108171956,0.089517213,0.139044583,0.123102916,0.196120494,0.100821623,0.149593094,0.117245886,0.185441889,0.124029479,0.206778697,0.121484486,0.190906683,0.107514308,0.166953467,0.105876011,0.16415332,0.089014929,0.1308643,0.094317622,0.153047967,0.120692585,0.198188519,0.149743626,0.254218276,0.125202078,0.19874484,0.143881847,0.241921647,0.14937249,0.261524741,0.148075234,0.246369131,0.133156239,0.218416442,0.134162848,0.220704678,0.112230534,0.171929926,0.115556141,0.194794728,0.146289311,0.253025851,0.171044801,0.303232052,0.146558205,0.244808553,0.165534114,0.289721914,0.169762536,0.308131866,0.170020995,0.29472399,0.158013553,0.269440608,0.156822128,0.272495986,0.133162927,0.212566758,0.136443536,0.24077383,0.167203101,0.300387124,0.246373319,0.499507902,0.226583837,0.441518122,0.239806364,0.486154965,0.242622511,0.498257497,0.244873512,0.497201123,0.240543402,0.483507151,0.235508014,0.470381713,0.219475578,0.417911312,0.217205203,0.4348453,0.23971494,0.493101818,0.764731271,0.684113466,0.577173619,0.500098925,0.470594792,0.321170504,0.238005838,0.173817987,0.136317242,0.113998549
AZ,Arizona,33.729759,-111.431221,6392017,7278717,38414,12687,0.010127741,0.010337935,0.008526666,0.008237254,0.009294121,0.009160056,0.009642435,0.01201218,0.009830099,0.009886917,0.009505218,0.009833932,0.008229087,0.008397685,0.009181468,0.008916493,0.009244483,0.009148495,0.010011898,0.011648739,0.055463817,0.071246573,0.042253568,0.048645635,0.053281744,0.065621615,0.054311955,0.077724116,0.053605647,0.065388832,0.04897967,0.061222007,0.039496989,0.048757477,0.04004961,0.046576189,0.045292435,0.055143859,0.053405125,0.073494959,0.097314815,0.139264355,0.077468851,0.099602555,0.09668849,0.134635496,0.100911378,0.153996668,0.098330165,0.137652185,0.088667734,0.124427914,0.080994468,0.110308664,0.072552974,0.093335408,0.075375374,0.10402164,0.097079723,0.143177856,0.131216484,0.203228043,0.10752059,0.149523977,0.131530006,0.199728703,0.133968042,0.216135947,0.132839048,0.203418175,0.121292147,0.182477862,0.116401358,0.172592511,0.101176143,0.13941239,0.099880187,0.148539785,0.130867231,0.205425008,0.160116658,0.262516224,0.134154365,0.199023296,0.158419877,0.256166384,0.161308531,0.272308869,0.160118276,0.259760663,0.150753854,0.238021975,0.145376941,0.230037841,0.125962006,0.183303678,0.122440679,0.192229797,0.158341374,0.261710212,0.183387456,0.314488658,0.156878675,0.244230164,0.180896248,0.306323287,0.183518446,0.32158498,0.183733325,0.312984964,0.176879126,0.29374713,0.16902252,0.280445474,0.149251377,0.226708889,0.143588498,0.233379386,0.181326063,0.312885642,0.263495538,0.516786392,0.242307388,0.451134817,0.258017216,0.504188246,0.260671578,0.516500038,0.26361375,0.521302554,0.26336279,0.516552603,0.251611997,0.485670282,0.23858071,0.436940357,0.226995308,0.427704537,0.260838342,0.518538072,0.785682346,0.683072013,0.575636945,0.515881489,0.457457542,0.341684288,0.254086084,0.188834783,0.15369301,0.128362773
TN,Tennessee,35.747845,-86.692345,6346105,6833174,42797,10161,0.010605892,0.010858341,0.006731457,0.006929189,0.009576697,0.00970658,0.009819396,0.012347307,0.009579329,0.00994343,0.009480023,0.009602573,0.006929195,0.007665342,0.007079172,0.007460658,0.008148933,0.008489676,0.009821764,0.011417875,0.052951828,0.06786261,0.038814335,0.046376359,0.051621329,0.064806418,0.052735998,0.076341619,0.049400227,0.060014136,0.048265762,0.062027936,0.035671157,0.045391267,0.035146154,0.043110193,0.041266636,0.051186505,0.051746931,0.071445708,0.092171054,0.132355046,0.072607568,0.096155783,0.092816047,0.132751807,0.09654084,0.149049003,0.090839595,0.127298801,0.08585761,0.122700257,0.07495521,0.10666216,0.065223576,0.085883287,0.070468834,0.09806078,0.093261738,0.141913615,0.123808185,0.191443123,0.101005964,0.144195111,0.125278924,0.194836485,0.127481882,0.208425484,0.124015024,0.190832748,0.118964757,0.182498217,0.108522306,0.166268301,0.091338593,0.129332549,0.094952419,0.14410129,0.125081438,0.203069651,0.149311742,0.243901814,0.126469579,0.193044909,0.152421359,0.25160204,0.152425495,0.25982119,0.149957026,0.246467976,0.146416825,0.238698344,0.134720173,0.216985932,0.116211194,0.174110729,0.117548908,0.187367255,0.150635484,0.256448365,0.171974667,0.295721327,0.14886103,0.239527854,0.172848865,0.299370212,0.173208362,0.306091487,0.172331102,0.296665341,0.17095244,0.291321632,0.157829064,0.267917179,0.137418566,0.214715282,0.138411287,0.23080461,0.171821562,0.304598327,0.250030454,0.499266562,0.229224196,0.439972699,0.244862686,0.491569205,0.246135737,0.498701608,0.250210749,0.503646963,0.25116722,0.507853197,0.238181748,0.472066038,0.223223025,0.419107839,0.218573484,0.424401839,0.245698483,0.500071281,0.775860288,0.681498325,0.569438067,0.509104573,0.455153192,0.326598477,0.247306186,0.183684849,0.149558201,0.123691192
OR,Oregon,44.572021,-122.070938,3831074,4217737,49792,17551,0.012091109,0.012435698,0.011989146,0.012812066,0.011182368,0.011517722,0.010185992,0.012833719,0.01139069,0.011566224,0.011987857,0.012734612,0.010054988,0.012519978,0.011320914,0.013513869,0.011587883,0.012033725,0.011030985,0.013572356,0.056686767,0.075688329,0.051173627,0.065787339,0.055553466,0.07182778,0.055957084,0.082536178,0.056124219,0.071647757,0.053196123,0.070438508,0.044476227,0.062764107,0.044929619,0.062235467,0.050493331,0.066561566,0.055481016,0.079311584,0.096285503,0.143400028,0.087651965,0.124765166,0.096459189,0.140650193,0.099188417,0.157812177,0.096957181,0.140517919,0.091785302,0.136533264,0.082889897,0.125978485,0.07717797,0.11495106,0.083148081,0.123499472,0.096879683,0.151999177,0.127721015,0.205012862,0.116163317,0.178083319,0.127866988,0.203597517,0.129028965,0.216950607,0.127300836,0.201484424,0.122983493,0.195846542,0.114723171,0.186244703,0.104466004,0.163812025,0.106867441,0.171663698,0.127413481,0.213076821,0.15315671,0.260195437,0.140407346,0.228869836,0.153093073,0.260895931,0.153856466,0.271987608,0.151950619,0.256349521,0.149621406,0.251027315,0.140878026,0.241124312,0.128616659,0.210906965,0.128132614,0.217674906,0.152602883,0.267947685,0.174454996,0.310441391,0.160741484,0.27529014,0.173382212,0.310334015,0.174561894,0.320923425,0.172533205,0.306594471,0.172568385,0.303329899,0.162568045,0.291668322,0.150288573,0.256172689,0.148009225,0.262773633,0.173550719,0.317762093,0.249255222,0.516793123,0.234482448,0.472717063,0.243686168,0.509701271,0.244931274,0.517786644,0.247079534,0.516381326,0.248004401,0.518381605,0.238068054,0.495230769,0.228054145,0.457056226,0.223588198,0.458679935,0.243958092,0.516235366,0.79330231,0.705030128,0.605629394,0.540564668,0.496962534,0.319843269,0.239695511,0.181991238,0.148025875,0.124398979
CO,Colorado,39.059811,-105.311104,5029196,5758736,52622,19104,0.009833499,0.009553361,0.010066649,0.009924333,0.010453588,0.010554782,0.00969236,0.012249472,0.010181508,0.010066099,0.010336105,0.010132367,0.010177457,0.010741737,0.009949178,0.010253151,0.010506189,0.010474593,0.0099887,0.011479209,0.053451804,0.067818794,0.044996136,0.053045562,0.054392814,0.068167094,0.054832817,0.078903686,0.053597445,0.06489324,0.049862469,0.06207728,0.043931729,0.055844512,0.041008375,0.049903715,0.048050801,0.059566743,0.053734297,0.073199345,0.094545674,0.13431875,0.079025875,0.104233865,0.09519748,0.133839874,0.099264197,0.152827084,0.094770497,0.132018355,0.087852177,0.122869432,0.082785261,0.114530801,0.072869269,0.097156163,0.080091855,0.113296856,0.094936533,0.141422484,0.126550281,0.194698596,0.107422537,0.152319052,0.12860964,0.197440431,0.130467245,0.211944995,0.12695189,0.193346696,0.119130292,0.179826214,0.11542367,0.173018598,0.100222046,0.141908096,0.103046069,0.156359386,0.127831611,0.203109292,0.153721261,0.250999749,0.133177543,0.201183404,0.154479101,0.252528757,0.156176381,0.264443765,0.152737748,0.247568072,0.146705758,0.233699513,0.142773636,0.226924927,0.124477767,0.185627814,0.124458913,0.19969903,0.153385187,0.256838749,0.176257926,0.302273229,0.155711366,0.247617263,0.175091472,0.299579041,0.177054974,0.310720655,0.17546697,0.299313116,0.171731047,0.287843915,0.165427255,0.276797847,0.146410165,0.228395083,0.14581855,0.244866367,0.17548153,0.306995292,0.255004745,0.506260527,0.235605717,0.445082686,0.248373906,0.489350608,0.251155589,0.504364359,0.253772526,0.503483411,0.253151016,0.501736162,0.24295501,0.474886362,0.23097552,0.430585555,0.226131822,0.438100425,0.249685724,0.499280387,0.776826541,0.687025551,0.57753564,0.518623686,0.463280208,0.331119303,0.25215881,0.187194545,0.153873352,0.128564083
SC,South Carolina,33.856892,-80.945007,4625364,5148714,36796,4394,0.009278013,0.009426562,0.005960618,0.00553094,0.00802091,0.007629046,0.007454263,0.009765301,0.008256554,0.008097863,0.007750048,0.007555064,0.005463661,0.005644332,0.006029842,0.006113805,0.006657691,0.006703502,0.008377393,0.009922623,0.051660393,0.065685235,0.033656712,0.038487376,0.048092479,0.059292768,0.051731104,0.07206993,0.048013285,0.058421016,0.042646882,0.052972449,0.032206377,0.038503643,0.030137908,0.034202777,0.035763341,0.043531078,0.049363892,0.065089998,0.092047999,0.130906608,0.06567187,0.08432834,0.09046173,0.126516767,0.096729201,0.142999407,0.092164322,0.129122441,0.080494091,0.110341394,0.072837578,0.099263468,0.059109071,0.074264305,0.063307885,0.085948954,0.090285421,0.130208418,0.127101372,0.196114944,0.094810651,0.13340344,0.123539649,0.188777931,0.130240688,0.206602512,0.127885031,0.195379471,0.113618936,0.169500565,0.107093612,0.157813898,0.086194327,0.116933828,0.085416297,0.124373085,0.12524982,0.19540935,0.155403381,0.25205479,0.120538206,0.179938683,0.152163061,0.247204984,0.156470797,0.259429045,0.156538383,0.255432353,0.143249302,0.225628703,0.135912885,0.215284316,0.11228689,0.163172244,0.107070828,0.164601392,0.152924954,0.251359547,0.178755914,0.305701393,0.144993945,0.228940451,0.174021424,0.29608825,0.176176037,0.303578398,0.179549039,0.306841631,0.172025715,0.28675601,0.16097231,0.267314735,0.136428838,0.208661006,0.130315586,0.212051296,0.176484999,0.304168097,0.258822516,0.507855571,0.231257839,0.429187748,0.252014256,0.494305024,0.253051533,0.495192756,0.257654008,0.508781884,0.256339839,0.501144542,0.243923867,0.470475182,0.230641509,0.427425844,0.2145961,0.403697262,0.253006781,0.497791,0.763144588,0.673998379,0.566943396,0.486369297,0.426212255,0.333459074,0.2499844,0.185823909,0.143611395,0.118792153
NV,Nevada,38.313515,-117.055374,2700551,3080156,43649,6866,0.00824261,0.008257155,0.006276548,0.005833071,0.009138075,0.009506515,0.007333094,0.009066439,0.008281692,0.008103876,0.007276791,0.00720724,0.00665266,0.007106052,0.007037325,0.007038903,0.006323754,0.006199007,0.007650254,0.009017077,0.04953943,0.063347687,0.033475546,0.038431016,0.046558991,0.057719368,0.046542143,0.068638504,0.046214729,0.058012967,0.03873523,0.047462302,0.033057366,0.040797722,0.032502128,0.037481587,0.034678599,0.042653228,0.044767582,0.062925047,0.086845485,0.124966284,0.065131016,0.083868682,0.085522461,0.121166061,0.090178178,0.140890149,0.088266228,0.12651487,0.074513017,0.103543766,0.072918907,0.10256534,0.06072341,0.077377168,0.061426014,0.086624771,0.084603507,0.128227332,0.119197014,0.187181065,0.092290014,0.128539453,0.119205396,0.185164162,0.119999223,0.196749903,0.120340039,0.189382405,0.105339377,0.15701695,0.1052148,0.159821303,0.087082279,0.119479289,0.084432462,0.128506181,0.116307716,0.18659375,0.146104517,0.244049346,0.115846387,0.17111925,0.146051541,0.242252075,0.145269651,0.248024497,0.147144842,0.248380241,0.133374345,0.211340166,0.132038946,0.213520275,0.110688718,0.161587613,0.106106248,0.17064029,0.142778031,0.240628301,0.169271493,0.297111005,0.13673752,0.214402775,0.167106707,0.289697782,0.166195028,0.294114219,0.168901633,0.299467135,0.160328896,0.269728711,0.154918911,0.262883213,0.132966938,0.204755432,0.126641813,0.212561833,0.164636572,0.288752048,0.244909244,0.4911551,0.217792919,0.410178346,0.23997097,0.481442447,0.240815584,0.488209457,0.245376958,0.49860759,0.242366657,0.482842879,0.233686784,0.46418719,0.217051252,0.401787226,0.206648655,0.398375941,0.240309867,0.487307046,0.75256088,0.649224898,0.559837849,0.472727023,0.407903464,0.320182287,0.236481702,0.175088909,0.139752383,0.116539718
UT,Utah,40.150032,-111.862434,2763885,3205958,44204,6119,0.010869475,0.010931881,0.009527176,0.010511531,0.011139204,0.01144785,0.009807788,0.012222173,0.010413957,0.010368939,0.009425555,0.00979374,0.007046638,0.007738248,0.007465321,0.007349544,0.008213248,0.00842194,0.009833806,0.011496253,0.051926147,0.065901919,0.042936661,0.053214513,0.053247275,0.068108784,0.051394843,0.073930156,0.047788281,0.059337063,0.047480932,0.061064916,0.034197818,0.044226903,0.036612595,0.045096233,0.041171483,0.052191164,0.052332031,0.073284613,0.088740615,0.127839002,0.076424645,0.10429601,0.09221896,0.132285468,0.093461283,0.145041387,0.086960847,0.123243447,0.085682297,0.124302392,0.071866347,0.100408042,0.067668675,0.090695542,0.072295439,0.103435093,0.091740794,0.140312708,0.118472592,0.183983135,0.105035839,0.155056091,0.124148726,0.194735985,0.122675743,0.200370465,0.117751358,0.181996992,0.116982066,0.180772371,0.103131626,0.155686236,0.094272386,0.136181488,0.096435628,0.148804526,0.121976166,0.198192755,0.145286844,0.240812381,0.129207532,0.202652223,0.148829129,0.247280094,0.147139986,0.252077132,0.143512406,0.235862852,0.143786125,0.235347624,0.129599161,0.210127726,0.117230682,0.17936246,0.118356384,0.192265054,0.145659985,0.246897542,0.166842376,0.289648888,0.150319581,0.247672855,0.169169607,0.293277847,0.167819793,0.298635741,0.165131156,0.284986842,0.169294358,0.291738456,0.151658367,0.25801012,0.138105442,0.220868019,0.138238193,0.234102478,0.166762528,0.295586234,0.247443622,0.500729972,0.228864568,0.444024959,0.241197418,0.487065658,0.242157221,0.491644967,0.245420769,0.497233317,0.247204644,0.499959545,0.232957785,0.462513318,0.221097618,0.422096314,0.21750435,0.424928331,0.241649076,0.491552956,0.774017221,0.689116058,0.567428112,0.498132307,0.429127425,0.324965645,0.24284504,0.177138904,0.144745921,0.115573201
NJ,New Jersey,40.298904,-74.521011,8791894,8882190,56472,10779,0.011357639,0.011120579,0.009073597,0.008534621,0.009327596,0.008603739,0.009715286,0.011683221,0.010733523,0.010374789,0.010048215,0.009767829,0.008523195,0.008667922,0.009718864,0.009480776,0.008894725,0.008711706,0.008718676,0.009719713,0.066805722,0.083380505,0.045719166,0.051508934,0.05724747,0.066595014,0.056844176,0.075977769,0.058055059,0.067275408,0.050676954,0.060340584,0.043536582,0.051584528,0.04446648,0.051126019,0.044887398,0.053303613,0.056058316,0.071537745,0.115159103,0.161268587,0.084297139,0.105643935,0.105239385,0.137786021,0.109638848,0.157915917,0.11026145,0.147067666,0.09419757,0.125570678,0.09206921,0.120548472,0.081153676,0.10207397,0.07699054,0.10240373,0.104485221,0.143485546,0.152637976,0.230179078,0.117449492,0.158084813,0.144468335,0.20789275,0.148931431,0.229899273,0.150663349,0.221879736,0.131131158,0.187509488,0.133046961,0.190613729,0.11240109,0.150465879,0.102077811,0.145542661,0.14454149,0.21362832,0.183852073,0.293323069,0.147175333,0.211585902,0.176846764,0.273768392,0.179050449,0.287876813,0.181984935,0.285783102,0.164641377,0.248161075,0.165062862,0.251857626,0.140123702,0.198473186,0.126011256,0.188865028,0.17547842,0.275245294,0.208263638,0.346147498,0.172823428,0.261740473,0.199935201,0.324094013,0.20209709,0.336121693,0.20687759,0.339546371,0.195041043,0.309265493,0.190561993,0.30507562,0.166181386,0.248314422,0.150153481,0.234112631,0.199511918,0.327963872,0.288372841,0.544965297,0.262314209,0.47136447,0.280220261,0.524389011,0.281854031,0.531089197,0.285777059,0.537302558,0.285861557,0.539536223,0.274507802,0.509422504,0.262701715,0.471448513,0.241874498,0.435672669,0.281108137,0.530318408,0.794620324,0.691533483,0.603144028,0.524446444,0.473921548,0.362952835,0.273492744,0.20535189,0.164646279,0.138080704
AR,Arkansas,34.969704,-92.373123,2915918,3017825,36196,2830,0.010666695,0.011173614,0.009727691,0.00976553,0.010626459,0.010737874,0.009339336,0.012633729,0.010351046,0.009813841,0.008849226,0.009137907,0.006179649,0.005898356,0.009377616,0.009452776,0.007729243,0.007149302,0.009829823,0.011659734,0.056439739,0.071076647,0.045328361,0.05115572,0.057840153,0.068268025,0.057003939,0.076585792,0.054946624,0.063063195,0.049212521,0.057613128,0.036575158,0.042468352,0.041755845,0.046673155,0.041732808,0.047915724,0.057285487,0.072364375,0.100590268,0.139319425,0.082808537,0.104461078,0.101897775,0.136157871,0.105529231,0.152928996,0.096911155,0.12674591,0.091446253,0.120237759,0.078088559,0.100178702,0.074949323,0.093165469,0.073824041,0.095899131,0.102547129,0.143509939,0.135393819,0.201203023,0.113981573,0.154852188,0.136843078,0.2003114,0.136876592,0.209355658,0.133736909,0.191236038,0.126932387,0.178893796,0.1145699,0.161062003,0.10600848,0.139671235,0.097409889,0.135479185,0.136140552,0.203039175,0.161896742,0.253395831,0.141143898,0.204488244,0.163660989,0.253225428,0.165294308,0.263426026,0.161156415,0.244497237,0.156747798,0.236010893,0.146544458,0.22084287,0.131840772,0.18431556,0.121918073,0.179532248,0.162877352,0.255779951,0.184678918,0.303372463,0.164529477,0.250565785,0.185980002,0.302195371,0.18669792,0.307500545,0.18481931,0.293854463,0.182429426,0.287012265,0.170729632,0.268935141,0.15460169,0.226195555,0.144845346,0.221873032,0.188304354,0.308227547,0.269759127,0.502706596,0.251095315,0.450337134,0.266998416,0.498204887,0.267839723,0.50474769,0.26820024,0.495185279,0.270906892,0.504821455,0.258611005,0.474178249,0.244372813,0.432564726,0.232431452,0.410793071,0.268865218,0.507162391,0.772263505,0.680286025,0.585603448,0.497848925,0.465144743,0.353156431,0.270118112,0.201733356,0.156333838,0.137093154
NC,North Carolina,35.630066,-79.806419,9535483,10488084,44096,15080,0.009888698,0.009758762,0.009508012,0.009360198,0.009793416,0.009827617,0.009607813,0.012152835,0.009774437,0.009665555,0.009994825,0.00995207,0.007714881,0.00828295,0.008192235,0.008211571,0.0092304,0.009133041,0.010444621,0.012112776,0.053695503,0.067485686,0.044083948,0.051444234,0.053675654,0.066133613,0.054470306,0.078548096,0.051586373,0.061953039,0.050767727,0.062596644,0.040631107,0.049551471,0.037588916,0.044753934,0.045762276,0.057128096,0.05407461,0.073277743,0.094723907,0.133997658,0.079821829,0.104185733,0.095090084,0.131185785,0.098233135,0.149702284,0.093953549,0.129503986,0.090021624,0.124597669,0.081459893,0.11077296,0.069847447,0.090791474,0.077981082,0.1080179,0.096214412,0.142749883,0.127827599,0.1947105,0.109751894,0.154552376,0.127792752,0.193031835,0.129927228,0.208877086,0.127009933,0.191745114,0.123198446,0.185133782,0.114557979,0.170130874,0.098301855,0.136013622,0.103074282,0.155297675,0.128930875,0.203407112,0.155450935,0.251918067,0.135256754,0.202523182,0.154388736,0.24753579,0.155959931,0.262234398,0.154100564,0.249471355,0.151070555,0.239746703,0.1424791,0.225122364,0.12369395,0.179988324,0.125802817,0.199443597,0.155015296,0.257157937,0.177817841,0.300677574,0.157397659,0.248645376,0.17527979,0.293935603,0.177318356,0.308860135,0.176521229,0.300321205,0.176683239,0.294015723,0.165266456,0.274342184,0.146030462,0.222313955,0.14860992,0.247604008,0.176523664,0.304746986,0.25769905,0.505717776,0.237329572,0.444354754,0.249931262,0.489315641,0.252067624,0.501233051,0.256201644,0.506305379,0.255878518,0.503760135,0.244854877,0.475139494,0.230774911,0.420980736,0.231438392,0.447371097,0.252281062,0.502663403,0.782459262,0.689547802,0.584245679,0.517344365,0.451033233,0.335430319,0.253941339,0.188042569,0.151176994,0.124654819
PA,Pennsylvania,40.590752,-77.209755,12702379,12801989,50418,19387,0.011796433,0.011696359,0.01005946,0.01014439,0.011178332,0.011173229,0.01019246,0.012757322,0.012578912,0.012398113,0.011930716,0.011819951,0.009698524,0.010669586,0.010351065,0.011096212,0.011040601,0.011134902,0.01038039,0.011764237,0.063144596,0.080785064,0.048522373,0.058998901,0.060050756,0.073501658,0.057932859,0.080375125,0.060229784,0.072213672,0.056739504,0.070788988,0.045295684,0.057983598,0.045513585,0.056272722,0.050911106,0.063778213,0.058258031,0.076759503,0.107291193,0.153517746,0.087578737,0.118017601,0.105015624,0.145606124,0.108468984,0.162171046,0.107248944,0.147977607,0.099922773,0.139267295,0.090198458,0.126319656,0.08160197,0.11010791,0.085047543,0.119162385,0.104405714,0.150502666,0.143587401,0.22120672,0.119777216,0.173800978,0.140927995,0.212965484,0.143285507,0.227481952,0.143110392,0.216620205,0.135007765,0.202034491,0.127155851,0.19349262,0.112652433,0.161606595,0.110758473,0.165943187,0.140237086,0.217447278,0.17132334,0.27862627,0.147754224,0.227035356,0.169348068,0.274001412,0.171271009,0.284460611,0.17142835,0.276003114,0.165332265,0.261587958,0.156502024,0.251958933,0.139804647,0.210705905,0.135148457,0.213557727,0.168990847,0.277622622,0.195773708,0.33330198,0.171787525,0.276647872,0.191432524,0.323801237,0.194118279,0.33504446,0.195049528,0.331435651,0.192357991,0.319920482,0.180758927,0.304334598,0.164356302,0.258938885,0.157685528,0.258695974,0.19218178,0.329079515,0.275143506,0.53693553,0.2565779,0.487502197,0.2678724,0.523988129,0.269756688,0.533993475,0.273960387,0.537047264,0.275071168,0.539753472,0.262353998,0.508840289,0.252957955,0.474918183,0.243891734,0.464579111,0.268822416,0.530796871,0.806054331,0.711161392,0.606123379,0.541366999,0.486183306,0.35033856,0.264504507,0.196961785,0.159425421,0.131411768
WI,Wisconsin,44.268543,-89.616508,5686986,5822434,46859,9380,0.01168402,0.011633559,0.010344749,0.010486657,0.011405759,0.011061698,0.009707038,0.011693398,0.010063481,0.009595864,0.011554684,0.011373105,0.009370808,0.010920821,0.009317673,0.009968916,0.010639168,0.010459751,0.009936131,0.011141711,0.060109723,0.074526126,0.050290535,0.060022094,0.060031634,0.072398796,0.05601572,0.075592858,0.05738083,0.066977719,0.055311805,0.068635531,0.047847222,0.061299182,0.042401275,0.051726542,0.051356408,0.062469487,0.056344045,0.071970031,0.104140687,0.144443685,0.090526078,0.118493824,0.104526424,0.141602467,0.105831229,0.155783689,0.103439147,0.13801431,0.098812129,0.13705775,0.092338862,0.127702233,0.079839271,0.105217644,0.085959165,0.118387307,0.101890857,0.143140462,0.139168985,0.207812838,0.123121841,0.173704679,0.140501112,0.208056467,0.140191405,0.220390093,0.138035224,0.200961937,0.135052026,0.201051955,0.129962095,0.193825202,0.110345262,0.15304059,0.112031831,0.165860966,0.138489925,0.210354649,0.166930759,0.262681199,0.151453648,0.227313043,0.16836256,0.266567911,0.168072157,0.274707095,0.165901401,0.258523726,0.165376283,0.259731204,0.158783784,0.250017108,0.137948535,0.201116971,0.136521806,0.212265807,0.166716449,0.267574038,0.190295615,0.313190798,0.174276372,0.275135721,0.190924325,0.315610075,0.191085399,0.323188377,0.18947338,0.309995813,0.191276597,0.313858123,0.182304994,0.300004327,0.16230708,0.247944545,0.159290856,0.25782235,0.190142945,0.318798901,0.273911313,0.519643874,0.258242483,0.481314387,0.269202128,0.516310445,0.271168478,0.527435539,0.273951254,0.524100563,0.275248628,0.529880696,0.265412667,0.507552001,0.253431692,0.461780559,0.246834656,0.4612138,0.270016107,0.525742054,0.804521663,0.703721812,0.599983312,0.539630248,0.480456225,0.354617398,0.265596811,0.197812271,0.159711538,0.129481204
LA,Louisiana,31.169546,-91.867805,4533372,4648794,44293,7667,0.012607162,0.012571227,0.009303478,0.00898848,0.00957665,0.009161467,0.009524302,0.011188562,0.009220285,0.00922453,0.009038172,0.008881031,0.007435734,0.007783073,0.009691171,0.010097865,0.007861986,0.008170497,0.009139797,0.010103385,0.056969271,0.074516765,0.042637641,0.050171844,0.053194204,0.067579709,0.053724838,0.075376772,0.050504162,0.061890705,0.046737861,0.058281995,0.036169389,0.04632829,0.04149398,0.051381106,0.039514676,0.048533498,0.052974672,0.07082283,0.098370095,0.146486973,0.077892743,0.104535613,0.09249411,0.132365093,0.098118751,0.151512047,0.091957629,0.130992174,0.082556246,0.115816089,0.075993327,0.109655824,0.072054045,0.098857166,0.068984017,0.096063098,0.094160552,0.141187284,0.130449874,0.209891646,0.106496261,0.155037434,0.125732663,0.198168558,0.130099252,0.215304121,0.125326075,0.196636825,0.113847981,0.172165748,0.110464949,0.173348843,0.0988852,0.144267903,0.091946298,0.137060992,0.125915404,0.202948348,0.155920942,0.265306413,0.132461894,0.206626271,0.151992401,0.255722033,0.156100184,0.271695125,0.152321413,0.257043349,0.142098978,0.229048601,0.138801867,0.23277308,0.122807079,0.189801512,0.113084139,0.178811961,0.152270887,0.260653576,0.177314605,0.315480495,0.153808437,0.253494321,0.173655184,0.306860589,0.176662959,0.319183671,0.173343334,0.306839099,0.167062272,0.284302354,0.161709079,0.284000539,0.145918239,0.23702213,0.133576108,0.221191699,0.173533819,0.310587243,0.248746247,0.505121217,0.230545252,0.456803404,0.244222492,0.5036539,0.245005353,0.507036928,0.248184675,0.514394907,0.248567923,0.510848188,0.236819781,0.483418329,0.228539529,0.446885822,0.212639897,0.417937825,0.244434498,0.508478858,0.775245993,0.683594883,0.583880082,0.509792492,0.462597589,0.320115444,0.242032314,0.181040045,0.147924818,0.126473593
CT,Connecticut,41.597782,-72.755371,3574097,3565287,63747,5757,0.01179633,0.011403283,0.009824563,0.009447087,0.011964289,0.011047631,0.009585612,0.011976565,0.012011769,0.011532407,0.011219697,0.010855331,0.00925308,0.010809155,0.010803159,0.010628491,0.009674468,0.009510971,0.009801757,0.011030491,0.067465423,0.083452016,0.048082613,0.055538852,0.059848168,0.069188169,0.058160116,0.078377993,0.060393184,0.068779595,0.054527138,0.065055625,0.045304476,0.056909501,0.045300966,0.053068505,0.048317669,0.057463779,0.057441565,0.073579174,0.114285762,0.159170487,0.08703445,0.110261044,0.106264941,0.140220071,0.111523835,0.16116751,0.110107949,0.145325134,0.097773447,0.130131469,0.093344409,0.125555967,0.081607275,0.104008314,0.081962784,0.109739168,0.10577105,0.147075395,0.151282945,0.226426953,0.119101971,0.162277226,0.144477816,0.207503163,0.149568457,0.232083876,0.148166793,0.215174409,0.132922289,0.189924181,0.132290909,0.191697669,0.113009867,0.153702437,0.108216868,0.155475326,0.145027989,0.216900221,0.181799506,0.287439665,0.148277109,0.214415147,0.174699743,0.267953417,0.177219966,0.285351647,0.179099084,0.278379725,0.164853832,0.24786608,0.163662487,0.253077734,0.139981165,0.200665948,0.133073552,0.201968293,0.174063621,0.274536188,0.207162304,0.342895017,0.1736182,0.263188401,0.197653138,0.319682178,0.199171873,0.332375494,0.205219242,0.33648112,0.195037573,0.309117716,0.188869986,0.305911489,0.165696364,0.24805364,0.157090031,0.249144996,0.198552076,0.328308799,0.28718695,0.541592698,0.261940856,0.474458182,0.278077098,0.519356327,0.280022811,0.529945935,0.287301484,0.541030888,0.283455737,0.537483076,0.272908509,0.507579119,0.260724384,0.466795562,0.247166896,0.449264997,0.278086681,0.525175357,0.794357334,0.697314244,0.60243761,0.530932797,0.459484145,0.362400553,0.275632997,0.206908661,0.163862623,0.134840634
DC,Washington DC,38.897438,-77.026817,601723,705749,159227,6072,0.010198926,0.009951796,0.013552479,0.013729815,0.009919518,0.008930491,0.008579758,0.010659452,0.011246605,0.010885903,0.012974167,0.013440762,0.011986381,0.012947725,0.011247265,0.011362232,0.01202382,0.01225523,0.008892629,0.009869162,0.051724195,0.063266363,0.055097546,0.066632153,0.051858961,0.060393317,0.050954966,0.069749019,0.054171968,0.064322599,0.058137295,0.073433776,0.050916296,0.064097546,0.047104973,0.055837046,0.055149434,0.069684781,0.051894784,0.066838125,0.090987511,0.123723395,0.090754749,0.120849293,0.090950014,0.120749298,0.094954039,0.137407263,0.093475037,0.125032158,0.097051403,0.136535663,0.089061351,0.122759965,0.081222814,0.105955359,0.089687014,0.12678271,0.093324745,0.132695139,0.12298559,0.181100583,0.119671392,0.171429713,0.121929437,0.17617542,0.124770665,0.192738445,0.124515398,0.181319916,0.12618428,0.189542863,0.120861221,0.177975364,0.107280424,0.148926699,0.115522292,0.17601179,0.12443541,0.188318963,0.149757099,0.234831187,0.143921695,0.217118727,0.148261984,0.230458966,0.150394461,0.243408715,0.149907629,0.233538404,0.151174114,0.236849748,0.146112529,0.227575956,0.130958482,0.190149969,0.138668393,0.221901982,0.150380966,0.240628615,0.171419903,0.281888062,0.165722026,0.263443322,0.169186863,0.27451223,0.171653103,0.288331143,0.171273874,0.281587477,0.174174925,0.285375806,0.167832776,0.273366109,0.152217745,0.231273004,0.160380843,0.267241608,0.171323074,0.286187404,0.251700299,0.484129123,0.242203791,0.452088423,0.242488302,0.462771341,0.245115624,0.473097514,0.24799059,0.474713206,0.25021463,0.481350378,0.244325793,0.466139251,0.232654698,0.424086395,0.236838694,0.457042224,0.243594619,0.469778637,0.758057854,0.683652115,0.584930222,0.52638423,0.487393181,0.330075382,0.260172576,0.199464729,0.164330213,0.139509898
RI,Rhode Island,41.680893,-71.51178,1052567,1059361,47118,1565,0.011455442,0.01173983,0.006870996,0.006715316,0.010936258,0.010341794,0.010184299,0.012296116,0.010184135,0.009649048,0.008293466,0.00786858,0.007956796,0.008358662,0.008785315,0.008932665,0.008844771,0.00862434,0.010750723,0.012290562,0.05980567,0.076765416,0.042610033,0.0465333,0.057602838,0.064886005,0.060506055,0.081852069,0.057939916,0.066959828,0.050171966,0.058799191,0.038667127,0.044889979,0.036484345,0.040864689,0.042957213,0.049967515,0.056271448,0.07116797,0.10710527,0.151719393,0.080428238,0.098037735,0.101739188,0.131315959,0.108112242,0.159521185,0.106484625,0.140975418,0.088942004,0.114911919,0.083788707,0.107405293,0.071938376,0.088480863,0.074972733,0.097241627,0.104221568,0.141912925,0.147423905,0.225258525,0.114282759,0.153504624,0.13905185,0.199345227,0.145582749,0.229220053,0.145611472,0.215320142,0.123303899,0.169504461,0.122122538,0.168870296,0.10117482,0.132309136,0.099563804,0.139307482,0.142477193,0.210590281,0.176584613,0.284817225,0.143518365,0.208023931,0.168537584,0.257705235,0.175465486,0.288786203,0.177256608,0.279775401,0.156342799,0.226487233,0.15456729,0.229736754,0.128640951,0.178412487,0.122777204,0.179209074,0.172413694,0.273860025,0.201093,0.335294606,0.16785105,0.254333221,0.194036641,0.314968786,0.199520341,0.34175647,0.201319497,0.332863025,0.184368397,0.287498096,0.179691628,0.28129287,0.153765296,0.22272034,0.144993435,0.221897062,0.19754881,0.330562828,0.279820068,0.53305997,0.255947049,0.460272752,0.27236279,0.50920698,0.275632045,0.525386227,0.280308612,0.532708171,0.276504135,0.516479007,0.264401759,0.488937267,0.247797804,0.437636773,0.233725933,0.415858353,0.275797514,0.525044142,0.78037285,0.684239677,0.563849164,0.49099014,0.449584659,0.356086192,0.270093461,0.198903269,0.155514903,0.134438418
OK,Oklahoma,35.565342,-96.928917,3751351,3956971,45864,5655,0.010907463,0.010626871,0.008516284,0.008470426,0.010576831,0.010056099,0.008919504,0.011149248,0.010739816,0.010895931,0.009114283,0.008937981,0.007954019,0.008390199,0.010314969,0.010158531,0.007745123,0.008048757,0.010011149,0.010923054,0.056598175,0.071220608,0.044928885,0.053716829,0.057624842,0.069696354,0.057138949,0.079057087,0.057101572,0.06782246,0.051759945,0.063433126,0.03830997,0.047072632,0.042785629,0.051840981,0.044558362,0.054183169,0.056229644,0.073752691,0.09947579,0.140163878,0.083922392,0.110892554,0.102018458,0.141086736,0.10189702,0.150286193,0.10094395,0.137110058,0.092787072,0.126671059,0.078497996,0.105637629,0.077130571,0.102167177,0.0749704,0.099985728,0.101273573,0.144981894,0.134811645,0.20509563,0.117269224,0.166162475,0.137296482,0.205253475,0.13571269,0.21165182,0.134428764,0.19806305,0.128180065,0.187673538,0.115376254,0.170231472,0.107354668,0.150792682,0.099770387,0.143687652,0.136806498,0.21046944,0.163439008,0.26225776,0.144914245,0.219346515,0.166166036,0.266419452,0.164017381,0.269942169,0.162103308,0.255133287,0.157336409,0.244065527,0.145462575,0.226885079,0.133902888,0.197956124,0.122692421,0.185410785,0.165272654,0.269027356,0.187242136,0.31325784,0.167151184,0.264617039,0.189077292,0.317832584,0.188447201,0.321815319,0.18653467,0.308335798,0.185204924,0.304327625,0.171127355,0.281411946,0.157212956,0.241826249,0.144183561,0.226749535,0.188024406,0.318589372,0.270976923,0.523730732,0.254052716,0.477881949,0.268618115,0.52094441,0.267064795,0.521117443,0.269838028,0.515753229,0.273888631,0.532853837,0.258272892,0.494139753,0.248388391,0.456093651,0.231794528,0.426462507,0.268782134,0.523226525,0.791708713,0.697925839,0.576394765,0.518983299,0.447500141,0.350726938,0.261439647,0.18892397,0.151491864,0.123310138
KS,Kansas,38.5266,-96.726486,2853118,2913314,46890,2660,0.009144903,0.008930214,0.007825841,0.007600717,0.009205613,0.009078677,0.006080498,0.00797337,0.009877072,0.009584897,0.010580534,0.01046692,0.00801068,0.007443009,0.008942151,0.008468026,0.00942811,0.009008374,0.008075192,0.009993723,0.051276038,0.062757834,0.043583797,0.049366096,0.050721517,0.060278339,0.048056142,0.064949103,0.050321683,0.059867754,0.048139935,0.057992369,0.037265218,0.042641898,0.039133685,0.044635136,0.044709551,0.052972595,0.050061138,0.06505744,0.092975266,0.132394458,0.078692595,0.099977774,0.091308291,0.1225072,0.093239334,0.133861912,0.093638968,0.125815744,0.087482814,0.11721863,0.074373525,0.095970373,0.072236219,0.090554047,0.073516515,0.097062419,0.09261719,0.130936661,0.127663821,0.193704387,0.107995247,0.148144324,0.125773074,0.182453487,0.126485898,0.194449059,0.12674277,0.183904584,0.121466511,0.178480986,0.109657122,0.157293374,0.100446882,0.135276058,0.097969942,0.138373544,0.127042965,0.192696361,0.155426356,0.247576637,0.134897418,0.196882762,0.153458684,0.239938209,0.15228673,0.244243296,0.155049577,0.240602948,0.149609065,0.229868267,0.136748596,0.20802405,0.124652379,0.177114565,0.121300714,0.180523407,0.153335167,0.243444285,0.178309524,0.293514639,0.158096378,0.245535053,0.177061207,0.291485892,0.17400254,0.29140222,0.177697177,0.289562486,0.176233353,0.284869816,0.160867837,0.259104061,0.147725216,0.22216127,0.144575485,0.228547383,0.176033961,0.290901478,0.25954435,0.492163843,0.242918064,0.449495543,0.254080837,0.486382673,0.252561567,0.483807669,0.259203403,0.494443325,0.260653406,0.494984433,0.245990272,0.458971969,0.237138232,0.429569758,0.227346025,0.411413029,0.254327626,0.485342893,0.75641554,0.662780735,0.588054088,0.514521565,0.443598026,0.339768662,0.259827731,0.200404897,0.160577942,0.129834825
ND,North Dakota,47.528912,-99.784012,672591,762062,67305,1074,0.010257104,0.009785133,0.011344466,0.01071833,0.011640456,0.01118077,0.008590418,0.009873913,0.010352384,0.010764572,0.009823437,0.009535699,0.00885135,0.008505176,0.009637983,0.00852688,0.007899455,0.007613675,0.009524641,0.010789977,0.052745758,0.062823264,0.047029244,0.052837451,0.054159613,0.063968788,0.04854512,0.062729246,0.05393695,0.061734923,0.049176727,0.058679537,0.043264526,0.051509621,0.038089587,0.04259976,0.042762025,0.048571489,0.053028385,0.066657176,0.091046282,0.124365404,0.080212311,0.099806489,0.091240454,0.117422643,0.092328604,0.135062921,0.094044486,0.124610221,0.087896495,0.115910033,0.080635654,0.107343207,0.0690432,0.084678867,0.075967009,0.098791018,0.093820788,0.130823631,0.123304421,0.181272077,0.110804568,0.150692159,0.12630977,0.180616505,0.121849107,0.185900762,0.125012818,0.181698165,0.120935825,0.174764388,0.113172184,0.166616413,0.098060231,0.130465132,0.099859439,0.139375919,0.129053233,0.193937406,0.151215773,0.237748435,0.136304224,0.198571009,0.151874283,0.231336487,0.149865108,0.239839146,0.150276091,0.230908849,0.149121862,0.228806221,0.141150208,0.218786537,0.12327773,0.174891558,0.121999883,0.180279505,0.152385912,0.242188825,0.173339386,0.283825762,0.157916316,0.244374301,0.173825545,0.277996675,0.174941551,0.291919747,0.174867323,0.284683157,0.173109366,0.27664159,0.163792661,0.265099118,0.14689893,0.22033905,0.144606047,0.227242162,0.173181913,0.290034492,0.255671085,0.484711535,0.231707079,0.42838174,0.249422959,0.4778836,0.250738107,0.486044181,0.256043815,0.487868553,0.253961881,0.486831108,0.240421434,0.458291723,0.234197158,0.433324228,0.227773833,0.425589381,0.254926807,0.499002512,0.772787478,0.687693772,0.590342885,0.526569431,0.459978668,0.337264172,0.261711648,0.198287658,0.161654777,0.127499029
KY,Kentucky,37.66814,-84.670067,4339367,4467673,38603,7103,0.009138604,0.009058695,0.008181427,0.008805192,0.009128163,0.009085435,0.007726465,0.009939963,0.008973781,0.009291785,0.008969058,0.00919759,0.00633595,0.007248525,0.008638607,0.009519601,0.007550466,0.007532821,0.008719644,0.010101043,0.05263328,0.065902213,0.043113516,0.052833085,0.052698462,0.06555501,0.049247221,0.069247378,0.049487581,0.059887502,0.047958684,0.061629614,0.034956975,0.044192253,0.038462116,0.048188725,0.04008331,0.049747089,0.050666684,0.068723881,0.092949759,0.131282684,0.078024912,0.105623514,0.095000736,0.1332195,0.093763847,0.140792435,0.090054025,0.125197373,0.086753486,0.125092178,0.074134205,0.102718996,0.070220784,0.095221127,0.070682847,0.098577272,0.091660059,0.135651204,0.126297163,0.192557799,0.106869924,0.155210577,0.127366987,0.196754677,0.125265675,0.200426279,0.12294721,0.187198544,0.120089444,0.186007117,0.10917734,0.163632157,0.097564564,0.140244397,0.095411628,0.144779933,0.12504503,0.198448678,0.152635145,0.248386335,0.132247787,0.204086864,0.153535384,0.252378946,0.151639314,0.25369058,0.149743841,0.241987909,0.148527307,0.24196476,0.136210677,0.216672833,0.120968095,0.183639693,0.117622826,0.189383402,0.151995617,0.254308945,0.174402733,0.296939203,0.154841539,0.250316728,0.17431739,0.299767857,0.173520888,0.301092408,0.172186162,0.292217272,0.172575848,0.2942014,0.160585844,0.267946056,0.142597897,0.227095805,0.138454162,0.23407669,0.173718113,0.303118143,0.250721526,0.497423604,0.236914572,0.457585355,0.247249039,0.49187352,0.247573475,0.496576907,0.251198653,0.500361563,0.253820964,0.512000494,0.239322587,0.46972538,0.228839345,0.432615506,0.220004843,0.428440448,0.247514706,0.497227459,0.773929311,0.686741807,0.585864712,0.524056393,0.468409221,0.327320626,0.248519232,0.187958934,0.151522082,0.122701049
NE,Nebraska,41.12537,-98.268082,1826341,1934408,52878,4788,0.008948669,0.009307234,0.007096057,0.006907266,0.008265018,0.008800896,0.008264262,0.010680864,0.008057944,0.008099752,0.009186879,0.009158114,0.007319028,0.008010539,0.007197384,0.008155938,0.007633705,0.007467277,0.008027037,0.00972779,0.050911646,0.06694947,0.038633655,0.045499706,0.05007507,0.064698053,0.048911909,0.070437449,0.048638846,0.060054783,0.046317273,0.059506004,0.037119704,0.04649373,0.034562487,0.043730504,0.040075287,0.049582588,0.04837212,0.067391976,0.089736083,0.131551803,0.071854179,0.095173637,0.091341405,0.131281564,0.091678727,0.140999733,0.088429599,0.125102425,0.082057449,0.118031052,0.074000305,0.104084293,0.064773285,0.087994527,0.068438546,0.095866751,0.087666281,0.131636005,0.120647791,0.190939896,0.100613802,0.144352017,0.122757505,0.191684938,0.122205732,0.201453807,0.120914949,0.186844453,0.115706831,0.179068983,0.106683648,0.163499857,0.091955123,0.13309427,0.091162005,0.13975281,0.120530114,0.194425587,0.146923138,0.2467808,0.124711297,0.190597005,0.148481228,0.249527733,0.147626971,0.252531017,0.145051591,0.238880926,0.142775772,0.232765196,0.131855017,0.214348742,0.115991538,0.176193094,0.111774571,0.181105093,0.14618234,0.249746696,0.167309256,0.292740358,0.145772389,0.233848483,0.167972124,0.294571815,0.167287261,0.29758792,0.167628834,0.291366292,0.16801201,0.287567846,0.15415685,0.263511129,0.137851567,0.219427257,0.132024608,0.22437905,0.166816412,0.29678796,0.243273157,0.493005361,0.224420879,0.43392469,0.240563414,0.489262596,0.239182632,0.490267389,0.244387511,0.497150506,0.244644552,0.495752649,0.23230261,0.466918896,0.221793868,0.421739225,0.21034003,0.413822496,0.240060691,0.495070763,0.761273407,0.673896731,0.566309034,0.50336348,0.46842243,0.317360837,0.237758118,0.175431414,0.142208668,0.11947499
AK,Alaska,61.370716,-152.404419,710231,731545,67705,3449,0.008705443,0.008369809,0.007106285,0.00729279,0.007639825,0.007545015,0.0096637,0.01295873,0.008823019,0.008608685,0.007692053,0.007668328,0.005755305,0.006375571,0.007352767,0.007604693,0.007495789,0.007517834,0.008904825,0.011030775,0.049782051,0.062531022,0.039775333,0.046753973,0.046682182,0.055539321,0.051854889,0.077941215,0.044979104,0.054067866,0.04494513,0.056026175,0.035986611,0.045861474,0.034491441,0.040400123,0.042573138,0.052614306,0.048058043,0.068056735,0.089293788,0.126957533,0.076360688,0.099782521,0.08822736,0.119307316,0.0932872,0.144683148,0.088370397,0.120987288,0.081264175,0.11175965,0.075082384,0.103755085,0.066186728,0.084691314,0.073060521,0.101168864,0.088342186,0.130359763,0.122195349,0.186133097,0.104815408,0.147806704,0.120526771,0.178610881,0.126733221,0.206864254,0.121808593,0.180424031,0.111389094,0.164190538,0.10884799,0.163849494,0.094452052,0.129719826,0.098549252,0.147515112,0.121559731,0.189629419,0.148573058,0.239086941,0.129979859,0.193403492,0.148447813,0.233892098,0.151399784,0.257654106,0.14782186,0.236143177,0.139944445,0.218536339,0.137052267,0.217814484,0.118380116,0.172022194,0.119136108,0.185220575,0.147712246,0.246200064,0.174254686,0.294167109,0.152084772,0.236993045,0.169828047,0.283081853,0.173335145,0.305222518,0.169505889,0.283019675,0.165484723,0.271583613,0.159935152,0.267425723,0.140111008,0.212374979,0.142472771,0.229993168,0.171241737,0.296710541,0.253688868,0.491612429,0.233852223,0.437337425,0.245439032,0.478448498,0.247162776,0.488628436,0.249782892,0.486377913,0.248862029,0.484368774,0.240665033,0.464691692,0.226101169,0.415568568,0.223791936,0.413542337,0.247057656,0.491018406,0.754001458,0.673220133,0.570388632,0.488542018,0.402462974,0.331617975,0.251189206,0.182283887,0.139190154,0.104381683
NH,New Hampshire,43.452492,-71.563896,1316470,1359711,50456,2183,0.009099707,0.009038406,0.01032879,0.009600044,0.007418567,0.006765457,0.007213262,0.008700241,0.009644694,0.009400825,0.010240812,0.00978659,0.01076424,0.010872124,0.010415356,0.010486058,0.009368391,0.008731975,0.008097974,0.008956619,0.057010711,0.07112755,0.047479104,0.05320276,0.051893562,0.059880369,0.049722529,0.066253013,0.051207784,0.06066197,0.049446102,0.057678432,0.046398367,0.055681073,0.043838474,0.051755622,0.050798668,0.060544145,0.051778423,0.065865076,0.098029973,0.136819219,0.080097116,0.100478454,0.097690681,0.129354644,0.099523982,0.142593118,0.093752598,0.12454576,0.091934915,0.120178516,0.087154131,0.115135748,0.077004445,0.097766639,0.083629689,0.112767389,0.096833718,0.132070516,0.13180611,0.197161808,0.110716522,0.149980075,0.1350701,0.19801278,0.133994582,0.203259728,0.130891382,0.190648201,0.127245265,0.17815732,0.12291971,0.176913125,0.10610353,0.141752331,0.109181372,0.158938933,0.131163315,0.193009555,0.160804526,0.254925433,0.139282368,0.20160563,0.161461766,0.253223017,0.162212467,0.259383908,0.158578914,0.246464071,0.158325084,0.233691635,0.150947245,0.231222607,0.130079603,0.184615918,0.130375381,0.197636611,0.159809389,0.251097709,0.185885185,0.306632017,0.164515441,0.252038865,0.182736514,0.297923486,0.183516677,0.304307278,0.181895792,0.296077033,0.185314048,0.288912489,0.174587892,0.278619858,0.153341756,0.226149202,0.153881949,0.24511717,0.183853709,0.303514759,0.272262019,0.512995011,0.251181241,0.450532962,0.263522747,0.490445648,0.266529688,0.501000093,0.271828979,0.510845324,0.270563974,0.50316622,0.259807366,0.480602765,0.24668864,0.439543182,0.241210162,0.437373057,0.265184316,0.496685804,0.782729784,0.680112981,0.533680383,0.503609035,0.451770227,0.357471641,0.27059118,0.19131479,0.162225558,0.137547892
MT,Montana,46.921925,-110.454353,989415,1068778,39686,1937,0.010343336,0.01004443,0.011278701,0.010272781,0.010184024,0.009562122,0.00904532,0.011252621,0.008792209,0.008514339,0.009794628,0.00946875,0.008145652,0.008083425,0.008162606,0.007579189,0.008903018,0.008813543,0.010021389,0.011210195,0.050508027,0.061369854,0.045438483,0.049075689,0.05296844,0.063007613,0.056232549,0.07789798,0.051045912,0.060565383,0.050797095,0.060488801,0.040264591,0.047910192,0.039215886,0.045839964,0.044564477,0.053094323,0.053488331,0.068339722,0.091704523,0.129306019,0.080061363,0.100350106,0.092880849,0.121994009,0.100290793,0.149388609,0.090707161,0.120853398,0.090324812,0.120782138,0.078444992,0.10167534,0.071715667,0.090822006,0.079968604,0.108561871,0.095961517,0.134992248,0.126958954,0.194135686,0.108084978,0.146001563,0.126985671,0.183353944,0.131993548,0.20692193,0.126872614,0.186511527,0.121089483,0.173191881,0.111932271,0.159327341,0.099937156,0.136031652,0.105069633,0.15352368,0.131944556,0.198958766,0.15725884,0.253527538,0.132493957,0.189732798,0.154982613,0.239228212,0.158990318,0.257153479,0.155100875,0.24812363,0.149299129,0.227515782,0.141768273,0.213570156,0.122756435,0.175101264,0.128014304,0.193497642,0.158297362,0.251722198,0.181361863,0.301196006,0.156785682,0.237194708,0.177937981,0.28773262,0.180598112,0.300967355,0.179213212,0.296412865,0.175520476,0.281541001,0.167110076,0.266701915,0.145631175,0.219103691,0.147945269,0.232964444,0.180593711,0.300586476,0.265039806,0.502043698,0.239773501,0.432258949,0.258271166,0.482214437,0.25902741,0.488206252,0.263447645,0.503020125,0.263319194,0.497246876,0.252979041,0.468890896,0.237611169,0.42722921,0.227597629,0.411423836,0.260646293,0.495652322,0.761876243,0.675634139,0.573915361,0.500859034,0.452299768,0.345068712,0.254396733,0.191419772,0.153382381,0.131233873
DE,Delaware,39.318523,-75.507141,897934,973764,64040,1676,0.008944599,0.008795778,0.007838307,0.007431764,0.006810769,0.006414021,0.00838316,0.009916421,0.008957095,0.0086616,0.008302126,0.008293062,0.007007026,0.007459672,0.004752361,0.004862743,0.007998068,0.008020762,0.007836189,0.009566065,0.053182096,0.068491279,0.036639302,0.042623385,0.049652556,0.062464904,0.048786079,0.066013317,0.046922413,0.05484684,0.043670509,0.051720521,0.033662023,0.044592289,0.030264023,0.035416085,0.040125813,0.050336316,0.047992477,0.064127155,0.093376559,0.135688627,0.07223627,0.094865107,0.09309207,0.130931977,0.093360646,0.142058464,0.087513923,0.120255738,0.077705026,0.103757163,0.075175325,0.106394601,0.060481208,0.080440495,0.065263333,0.090562536,0.088297684,0.131197658,0.128520521,0.200246623,0.10285174,0.147015306,0.126767096,0.193915137,0.128559488,0.206352612,0.12309179,0.188644943,0.107849082,0.159762857,0.111876527,0.172703881,0.089856873,0.12627696,0.087557803,0.131661392,0.123741217,0.194937634,0.158215507,0.261793708,0.127564219,0.193059153,0.154653844,0.250951144,0.154390141,0.257008268,0.153174357,0.24803302,0.137676991,0.216507328,0.140466764,0.228628918,0.117299728,0.170906953,0.109540774,0.173077576,0.152997838,0.253681868,0.181578955,0.313479497,0.151459019,0.241987099,0.178631999,0.303257621,0.178787481,0.308428525,0.177453209,0.303141925,0.166305048,0.274894505,0.165192441,0.280344458,0.141289014,0.215784408,0.130230122,0.213054638,0.1755766,0.300714214,0.260421236,0.516225786,0.233460062,0.434344193,0.256198815,0.502412284,0.257833241,0.504940333,0.259640016,0.516281565,0.255992385,0.504164165,0.249877048,0.486462071,0.234543967,0.438624442,0.215360707,0.40995758,0.259661193,0.513302651,0.773518367,0.6913203,0.580147789,0.493241624,0.437695992,0.336393843,0.254884724,0.188073225,0.144974464,0.120196731
WV,West Virginia,38.491226,-80.954453,1852994,1787147,36453,966,0.009777236,0.008708985,0.010749848,0.010575945,0.009158988,0.008521758,0.005765047,0.006189838,0.010734872,0.010406619,0.0085849,0.007695742,0.007855203,0.007780087,0.009852681,0.009409483,0.008874747,0.007808679,0.007667792,0.008343908,0.050381933,0.059828386,0.049087158,0.056853649,0.056025876,0.06602568,0.047255367,0.063754247,0.052095379,0.061211004,0.0533731,0.063751069,0.041650022,0.047811022,0.041290312,0.046587285,0.045545544,0.051881641,0.049619098,0.065557486,0.095030619,0.127587352,0.085522206,0.10811922,0.097928887,0.130238591,0.092118663,0.130090743,0.091988546,0.11839876,0.098915435,0.132478598,0.082613791,0.103263415,0.080359395,0.101460604,0.078164263,0.102237086,0.096810276,0.134742028,0.127208749,0.184025727,0.117027172,0.160966231,0.135684336,0.199379371,0.125990352,0.191301948,0.12619344,0.178309709,0.134040981,0.193011572,0.118013512,0.1617996,0.111546271,0.150980354,0.104350321,0.146745212,0.130581597,0.19212352,0.155309779,0.237188369,0.145032935,0.212271987,0.163667611,0.255395211,0.153246981,0.23959515,0.156087007,0.237479974,0.164072575,0.25017709,0.143503934,0.207680863,0.138509182,0.197600012,0.1285912,0.189870313,0.158742992,0.246407482,0.182651763,0.292389467,0.168795508,0.261092072,0.185523113,0.30503724,0.176663407,0.286334058,0.182869831,0.2940817,0.192953762,0.31121598,0.168799195,0.259201303,0.16196466,0.241075865,0.151730999,0.234080157,0.181469102,0.296370983,0.271560222,0.503462816,0.257384098,0.468675734,0.26966972,0.510191502,0.267042185,0.500943728,0.274047018,0.510858593,0.279926191,0.525455466,0.257350559,0.464854577,0.253390904,0.453904529,0.239353513,0.424358965,0.268320767,0.508260598,0.78658346,0.68151499,0.58939956,0.508763755,0.417363813,0.362508965,0.267665694,0.200473528,0.157751114,0.120711024
WY,Wyoming,42.755966,-107.30249,563626,578759,60908,578,0.00625429,0.006456273,0.00469637,0.004054404,0.006568445,0.006541995,0.008619044,0.013753731,0.008690838,0.009443077,0.005860076,0.005576428,0.006701436,0.006149176,0.005737104,0.005372455,0.007132486,0.006708255,0.00601643,0.007740881,0.048480035,0.066037673,0.035849723,0.040865624,0.045839542,0.05570295,0.051564802,0.076749275,0.039631852,0.047885671,0.03760516,0.046061796,0.03396561,0.039542922,0.029032792,0.033645648,0.03789608,0.04639291,0.048224371,0.06469228,0.08653293,0.125214527,0.069902689,0.091679909,0.084717099,0.120423677,0.100142351,0.154303175,0.08316364,0.117032108,0.072608221,0.103532802,0.074827419,0.103452046,0.055300118,0.07043199,0.067987737,0.094162226,0.091925781,0.129315375,0.119801449,0.186551839,0.098769171,0.13986639,0.123396443,0.186399429,0.128346831,0.201160742,0.118439434,0.181285866,0.108693161,0.165169694,0.107107886,0.160875262,0.081999341,0.110847566,0.095044476,0.138856993,0.123573192,0.187214235,0.148813725,0.24558162,0.126809897,0.190256854,0.150789748,0.244334819,0.156652388,0.252535999,0.145323463,0.236401107,0.14241862,0.227638293,0.131572977,0.212542446,0.106604742,0.152274944,0.119642508,0.184156009,0.153366837,0.244860601,0.174491826,0.296090415,0.150313261,0.233242719,0.17264632,0.291523028,0.177956337,0.297925333,0.16870917,0.283173119,0.172255429,0.291532375,0.158936339,0.262714893,0.128430538,0.19119482,0.136739027,0.217711399,0.175631071,0.292165163,0.255700315,0.491905252,0.235966476,0.429024633,0.248439326,0.471015471,0.252172294,0.47494606,0.252550234,0.490543094,0.254726784,0.494389896,0.240510161,0.4570647,0.223006763,0.40444512,0.220984493,0.408785603,0.249378933,0.470859027,0.750601688,0.669576416,0.530808877,0.485952131,0.425592109,0.337618204,0.255022343,0.184743738,0.154953931,0.121266336
VT,Vermont,44.045876,-72.710686,625741,623989,43495,1867,0.00921505,0.009384047,0.009863558,0.009203017,0.008925196,0.008417884,0.010000646,0.013067352,0.009840354,0.009677522,0.01052949,0.011342606,0.007808831,0.009432407,0.007190037,0.007436271,0.009024277,0.00911793,0.009913283,0.011638937,0.057449991,0.069807942,0.049481311,0.057110388,0.056682016,0.066330738,0.056412344,0.074886629,0.057567522,0.067744896,0.051419221,0.064089593,0.040622706,0.051864522,0.039246444,0.046676638,0.04853642,0.060150669,0.058126893,0.074844805,0.101114651,0.138392759,0.089470683,0.115673619,0.103368066,0.13856237,0.107549113,0.153152962,0.100934785,0.132730117,0.095351702,0.129443582,0.08716301,0.115286719,0.075515434,0.095936198,0.084061027,0.117920525,0.102667795,0.142535014,0.137604089,0.202723083,0.120923854,0.168596374,0.138508423,0.201210744,0.140611599,0.213761695,0.137279058,0.195912108,0.13066552,0.18742259,0.123371217,0.175630492,0.106157792,0.145943569,0.109381353,0.163659408,0.139025208,0.20819544,0.167275044,0.262571233,0.147937953,0.217956236,0.164648595,0.253788333,0.170715759,0.273329885,0.165207163,0.250753136,0.160957315,0.242000252,0.153831289,0.234031132,0.132008511,0.190164237,0.136863678,0.213627526,0.167222611,0.263349534,0.191461891,0.311237934,0.172926488,0.270635513,0.188178977,0.305566482,0.193437921,0.320178845,0.18922377,0.301079259,0.187320953,0.294687401,0.17900435,0.285047116,0.155685912,0.237129958,0.158794648,0.252517726,0.191191574,0.312615179,0.275959413,0.511602139,0.254737639,0.461851755,0.268492599,0.502143032,0.271352175,0.51551096,0.271577354,0.501154762,0.272211721,0.504686674,0.26370654,0.493612852,0.249280189,0.450559512,0.245756297,0.455595085,0.271049244,0.50939412,0.789480926,0.682093699,0.604029494,0.530492499,0.489597975,0.356170446,0.264470219,0.202464349,0.159991777,0.136470029
MS,Mississippi,32.741646,-89.678696,2967297,2976149,31633,1127,0.011386625,0.010875118,0.009396985,0.008873036,0.01033918,0.009421448,0.008632691,0.009340852,0.009942548,0.008882043,0.008259813,0.007981812,0.007290806,0.006929362,0.0119654,0.011605545,0.006715206,0.006108964,0.010577124,0.011723021,0.052813347,0.066391891,0.045152808,0.05259803,0.058226955,0.070290668,0.052847949,0.068845569,0.049359768,0.057559493,0.05122692,0.063465209,0.038392153,0.043898402,0.043014665,0.050966333,0.040569463,0.046769477,0.051689228,0.065309641,0.096107442,0.134971725,0.083327668,0.105440213,0.09702151,0.130631123,0.099202,0.142089313,0.093436559,0.123327432,0.092068991,0.124292374,0.079418593,0.101187405,0.075216642,0.095754782,0.069279602,0.091932883,0.101336026,0.139868196,0.129204454,0.191152313,0.116878404,0.159745282,0.13448322,0.195331005,0.134779547,0.203561628,0.127624674,0.180997209,0.126318342,0.180546636,0.117067772,0.165208643,0.10548333,0.141219003,0.096704499,0.135290578,0.137626556,0.202730821,0.15896948,0.247764814,0.144255806,0.213948247,0.163159981,0.25276236,0.162654256,0.259222789,0.156505173,0.239523006,0.157297927,0.236018299,0.147731931,0.219353931,0.132342687,0.187393468,0.121002177,0.174752004,0.16413944,0.256827856,0.184516412,0.302127371,0.167710577,0.258821294,0.186415889,0.306302793,0.186150438,0.305680424,0.179710704,0.293799938,0.189114333,0.298172577,0.172400728,0.268884785,0.156575378,0.232436336,0.14192488,0.215563259,0.186552857,0.302787857,0.271197999,0.504932905,0.253897799,0.463758521,0.267256178,0.498587222,0.269399765,0.50970838,0.271241862,0.51162586,0.277007964,0.5178523,0.256719005,0.465703469,0.24924313,0.444067196,0.232252085,0.405022616,0.2684214,0.505257672,0.768922345,0.683936981,0.590482348,0.491071384,0.415738823,0.355706465,0.270568667,0.199994594,0.157819052,0.124727585
SD,South Dakota,44.299782,-99.438828,814180,884659,47706,779,0.009056353,0.011237277,0.006068526,0.005785414,0.008899931,0.008407958,0.007751261,0.009899215,0.005849445,0.006802296,0.00825104,0.007536804,0.005963891,0.00607006,0.007431763,0.007597271,0.007911876,0.007396511,0.010379661,0.011763873,0.05060418,0.069277207,0.040266367,0.045389447,0.054858708,0.07051303,0.056562253,0.081988314,0.049842871,0.059903414,0.047278842,0.057755438,0.039504918,0.045850675,0.034408978,0.039232221,0.038902901,0.046756759,0.050333563,0.066168864,0.092184893,0.132693976,0.079059581,0.101112748,0.09779645,0.13823822,0.100975234,0.150839595,0.088990049,0.121517991,0.087391587,0.121128203,0.084423346,0.117047833,0.061328157,0.076000499,0.074183631,0.097498358,0.095301797,0.135229161,0.128387651,0.194627994,0.108827762,0.148071604,0.137725544,0.213268235,0.13457507,0.216919197,0.124253618,0.1873693,0.123264192,0.182001322,0.119155238,0.176585448,0.089422637,0.117501309,0.101429612,0.138791708,0.131209069,0.200782415,0.158774242,0.255085286,0.134708304,0.195775406,0.165711818,0.271504764,0.162833084,0.268250115,0.150138451,0.238600727,0.154685616,0.243135488,0.150406232,0.234595214,0.119276216,0.168738629,0.126839025,0.18151883,0.156082258,0.250573217,0.183270152,0.30807194,0.156996612,0.240336294,0.187215014,0.315200137,0.184227173,0.308433093,0.178132349,0.302906477,0.184889078,0.304113264,0.172898967,0.279435759,0.145673029,0.214086731,0.150448739,0.229603656,0.181986222,0.305924884,0.272440268,0.522483288,0.247483552,0.452766616,0.266488948,0.516457914,0.265040822,0.515970713,0.271737899,0.527434155,0.274622468,0.524535424,0.258295686,0.48713819,0.243035479,0.439496311,0.239779834,0.43250298,0.266723302,0.517730071,0.784687128,0.694910199,0.592985266,0.526639274,0.446307747,0.355971765,0.27224071,0.200295214,0.156285151,0.125625134